时间,基准收益,策略收益,当日盈利,当日亏损,当日买入,当日卖出,超额收益(%)
2018-01-02 16:00:00,0.98,-0.01,0,-10.27,97583,0,-0.98
2018-01-03 16:00:00,1.87,0.98,990,0,0,0,-0.87
2018-01-04 16:00:00,2.24,1.27,286.62,0,19992,-20292,-0.95
2018-01-05 16:00:00,1.93,3.12,1854,0,0,0,1.17
2018-01-08 16:00:00,2.13,2.14,0,-977.27,19950,-20992,0.01
2018-01-09 16:00:00,2.29,2.66,512.32,0,18630,-20068,0.36
2018-01-10 16:00:00,1.84,2.33,0,-325.6,0,-97386,0.48
2018-01-11 16:00:00,2.43,2.33,0,0,0,0,-0.1
2018-01-12 16:00:00,2.09,2.33,0,0,0,0,0.24
2018-01-15 16:00:00,-0.1,2.33,0,0,0,0,2.43
2018-01-16 16:00:00,0.2,2.33,0,0,0,0,2.13
2018-01-17 16:00:00,-0.29,2.33,0,0,0,0,2.63
2018-01-18 16:00:00,-0.07,2.33,0,0,0,0,2.4
2018-01-19 16:00:00,-0.13,2.33,0,0,0,0,2.46
2018-01-22 16:00:00,0.97,2.33,0,0,0,0,1.35
2018-01-23 16:00:00,1.21,2.94,607.36,0,98813,0,1.71
2018-01-24 16:00:00,1.56,3.63,692,0,0,0,2.04
2018-01-25 16:00:00,1.31,3.51,0,-120.58,20322,-19600,2.17
2018-01-26 16:00:00,0.96,2.48,0,-1026,0,0,1.51
2018-01-29 16:00:00,-0.45,1.05,0,-1429,0,0,1.51
2018-01-30 16:00:00,-0.51,0.39,0,-660.12,0,-97787,0.9
2018-01-31 16:00:00,-2.22,0.39,0,0,0,0,2.67
2018-02-01 16:00:00,-5.35,0.39,0,0,0,0,6.06
2018-02-02 16:00:00,-5.23,0.39,0,0,0,0,5.93
2018-02-05 16:00:00,-5.84,0.39,0,0,0,0,6.62
2018-02-06 16:00:00,-9.88,0.39,0,0,0,0,11.4
2018-02-07 16:00:00,-10.14,0.39,0,0,0,0,11.72
2018-02-08 16:00:00,-8.78,0.39,0,0,0,0,10.05
2018-02-09 16:00:00,-11.39,0.39,0,0,0,0,13.29
2018-02-12 16:00:00,-9.03,0.39,0,0,0,0,10.36
2018-02-13 16:00:00,-8.71,0.39,0,0,0,0,9.97
2018-02-14 16:00:00,-8.36,0.59,196.72,0,97595,0,9.77
2018-02-22 16:00:00,-6.58,2.21,1620,0,0,0,9.41
2018-02-23 16:00:00,-6.42,2.94,730,0,0,0,10
2018-02-26 16:00:00,-4.24,5.83,2891,0,0,0,10.52
2018-02-27 16:00:00,-4.51,6.56,732,0,0,0,11.59
2018-02-28 16:00:00,-4.2,7.03,470,0,0,0,11.72
2018-03-01 16:00:00,-2.98,9.13,2096,0,0,0,12.48
2018-03-02 16:00:00,-3.86,8.63,0,-497.95,21375,-22720,12.99
2018-03-05 16:00:00,-3.57,9.13,502,0,0,0,13.17
2018-03-06 16:00:00,-2.57,9.81,673,0,0,0,12.71
2018-03-07 16:00:00,-3.56,10.22,410,0,0,0,14.29
2018-03-08 16:00:00,-2.88,13.08,2866,0,0,0,16.43
2018-03-09 16:00:00,-1.35,14.3,1219.2,0,43860,-44339,15.86
2018-03-12 16:00:00,0.04,15.61,1305,0,0,0,15.56
2018-03-13 16:00:00,-0.66,15.59,0,-20,0,0,16.36
2018-03-14 16:00:00,-1.54,15.26,0,-328,0,0,17.06
2018-03-15 16:00:00,-1.67,14.48,0,-775.05,22850,-22456,16.42
2018-03-16 16:00:00,-2.24,13.89,0,-592.92,0,-89941,16.5
2018-03-19 16:00:00,-2.06,13.89,0,0,0,0,16.29
2018-03-20 16:00:00,-2.01,13.89,0,0,0,0,16.23
2018-03-21 16:00:00,-2.55,13.89,0,0,0,0,16.87
2018-03-22 16:00:00,-2.97,13.89,0,0,0,0,17.38
2018-03-23 16:00:00,-7.22,9.67,0,-4222.8,89330,0,18.2
2018-03-26 16:00:00,-5.98,8.09,0,-1576.77,0,-83666,14.96
2018-03-27 16:00:00,-3.93,8.09,0,0,0,0,12.51
2018-03-28 16:00:00,-5.03,8.09,0,0,0,0,13.81
2018-03-29 16:00:00,-4.48,8.09,0,0,0,0,13.16
2018-03-30 16:00:00,-3.35,8.09,0,0,0,0,11.84
2018-04-02 16:00:00,-3.36,9.25,1163.74,0,84189,0,13.05
2018-04-03 16:00:00,-3.98,8.37,0,-882.01,21000,-20550,12.86
2018-04-04 16:00:00,-4.54,8.01,0,-362,0,0,13.15
2018-04-09 16:00:00,-4.72,7.64,0,-369,0,0,12.97
2018-04-10 16:00:00,-4.07,8.45,808,0,0,0,13.05
2018-04-11 16:00:00,-3.59,8.12,0,-328.29,0,-84838,12.15
2018-04-12 16:00:00,-4.14,8.62,499.14,0,82860,0,13.31
2018-04-13 16:00:00,-4.32,7.84,0,-776,0,0,12.71
2018-04-16 16:00:00,-4.74,6.19,0,-1657,0,0,11.47
2018-04-17 16:00:00,-6.95,6.1,0,-87.26,0,-80969,14.02
2018-04-18 16:00:00,-5.93,6.1,0,0,0,0,12.79
2018-04-19 16:00:00,-5.43,6.1,0,0,0,0,12.19
2018-04-20 16:00:00,-7.2,6.1,0,0,0,0,14.33
2018-04-23 16:00:00,-8.09,6.1,0,0,0,0,15.44
2018-04-24 16:00:00,-6.31,6.1,0,0,0,0,13.25
2018-04-25 16:00:00,-6.18,7.36,1259.8,0,84004,0,14.43
2018-04-26 16:00:00,-7.97,5.01,0,-2349,0,0,14.1
2018-04-27 16:00:00,-7.53,5.71,696.13,0,0,-83745,14.32
2018-05-02 16:00:00,-7.36,4.91,0,-794.66,82185,0,13.24
2018-05-03 16:00:00,-6.55,4.78,0,-136.8,0,-81384,12.12
2018-05-04 16:00:00,-6.5,4.78,0,0,0,0,12.06
2018-05-07 16:00:00,-5.03,4.78,0,0,0,0,10.33
2018-05-08 16:00:00,-4.5,5.85,1078.16,0,82814,0,10.84
2018-05-09 16:00:00,-4.53,8.1,2249.77,0,20925,-21505,13.23
2018-05-10 16:00:00,-4.11,9.06,957,0,0,0,13.73
2018-05-11 16:00:00,-4.79,7.69,0,-1367,0,0,13.11
2018-05-14 16:00:00,-4.63,7.72,25,0,0,0,12.95
2018-05-15 16:00:00,-3.94,8.37,650.92,0,41672,-43519,12.81
2018-05-16 16:00:00,-4.17,7.27,0,-1101,0,0,11.94
2018-05-17 16:00:00,-4.65,7.33,64.86,0,0,-83181,12.56
2018-05-18 16:00:00,-4.55,7.33,0,0,0,0,12.45
2018-05-21 16:00:00,-3.52,7.81,473.79,0,84041,0,11.74
2018-05-22 16:00:00,-3.23,8.84,1029,0,0,0,12.47
2018-05-23 16:00:00,-4.3,6.73,0,-2102,0,0,11.53
2018-05-24 16:00:00,-4.72,5.47,0,-1264,0,0,10.69
2018-05-25 16:00:00,-5.65,6.22,752,0,0,0,12.58
2018-05-28 16:00:00,-5.75,6.95,724,0,0,0,13.47
2018-05-29 16:00:00,-6.61,7.88,932.81,0,0,-104758,15.52
2018-05-30 16:00:00,-9.04,7.88,0,0,0,0,18.6
2018-05-31 16:00:00,-7.44,7.88,0,0,0,0,16.55
2018-06-01 16:00:00,-8.5,7.88,0,0,0,0,17.9
2018-06-04 16:00:00,-8.67,7.88,0,0,0,0,18.12
2018-06-05 16:00:00,-7.13,7.88,0,0,0,0,16.16
2018-06-06 16:00:00,-7.08,7.88,0,0,0,0,16.1
2018-06-07 16:00:00,-7.62,6.12,0,-1755.92,106392,0,14.87
2018-06-08 16:00:00,-8.57,4.16,0,-1963,0,0,13.92
2018-06-11 16:00:00,-9.15,3.44,0,-722,0,0,13.86
2018-06-12 16:00:00,-8.38,4.25,808,0,0,0,13.79
2018-06-13 16:00:00,-9.82,3.77,0,-473.19,0,-102451,15.07
2018-06-14 16:00:00,-10.33,3.77,0,0,0,0,15.72
2018-06-15 16:00:00,-11.97,3.77,0,0,0,0,17.88
2018-06-19 16:00:00,-16.72,3.77,0,0,0,0,24.6
2018-06-20 16:00:00,-15.82,3.77,0,0,0,0,23.27
2018-06-21 16:00:00,-17.61,3.77,0,0,0,0,25.95
2018-06-22 16:00:00,-16.63,3.77,0,0,0,0,24.47
2018-06-25 16:00:00,-17.15,3.77,0,0,0,0,25.25
2018-06-26 16:00:00,-16.76,3.77,0,0,0,0,24.66
2018-06-27 16:00:00,-17.81,2.36,0,-1415.48,101585,0,24.54
2018-06-28 16:00:00,-18.75,1.87,0,-483.8,0,-99846,25.38
2018-06-29 16:00:00,-16.3,4.37,2497.8,0,100670,0,24.7
2018-07-02 16:00:00,-17.4,3.43,0,-946,0,0,25.22
2018-07-03 16:00:00,-17.1,5.77,2345,0,0,0,27.59
2018-07-04 16:00:00,-18.54,4.61,0,-1160,0,0,28.42
2018-07-05 16:00:00,-20.38,4.44,0,-174.1,0,-103153,31.17
2018-07-06 16:00:00,-20.19,4.44,0,0,0,0,30.86
2018-07-09 16:00:00,-18.21,4.44,0,0,0,0,27.69
2018-07-10 16:00:00,-17.66,4.44,0,0,0,0,26.84
2018-07-11 16:00:00,-19.2,4.44,0,0,0,0,29.26
2018-07-12 16:00:00,-17.14,4.44,0,0,0,0,26.04
2018-07-13 16:00:00,-16.67,7.25,2812,0,103341,0,28.71
2018-07-16 16:00:00,-16.6,6.56,0,-688.51,21021,-22464,27.77
2018-07-17 16:00:00,-16.67,7.5,945,0,0,0,29.01
2018-07-18 16:00:00,-17.15,7.52,11,0,0,0,29.78
2018-07-19 16:00:00,-17.7,6.48,0,-1033,0,0,29.38
2018-07-20 16:00:00,-16.85,5.07,0,-1409.56,0,-102735,26.36
2018-07-23 16:00:00,-16.32,5.07,0,0,0,0,25.56
2018-07-24 16:00:00,-15.15,5.07,0,0,0,0,23.83
2018-07-25 16:00:00,-15.12,4.62,0,-454.2,104009,0,23.26
2018-07-26 16:00:00,-15.82,6.15,1526.94,0,20280,-20750,26.1
2018-07-27 16:00:00,-16.27,5.62,0,-527.89,20406,-21364,26.14
2018-07-30 16:00:00,-17.44,5.56,0,-59.29,0,-103299,27.86
2018-07-31 16:00:00,-17.47,5.56,0,0,0,0,27.91
2018-08-01 16:00:00,-18.82,5.56,0,0,0,0,30.03
2018-08-02 16:00:00,-20.67,5.56,0,0,0,0,33.06
2018-08-03 16:00:00,-21.98,5.56,0,0,0,0,35.3
2018-08-06 16:00:00,-23.74,5.56,0,0,0,0,38.42
2018-08-07 16:00:00,-21.83,5.56,0,0,0,0,35.04
2018-08-08 16:00:00,-23.21,5.56,0,0,0,0,37.47
2018-08-09 16:00:00,-21.11,5.56,0,0,0,0,33.81
2018-08-10 16:00:00,-20.58,5.56,0,0,0,0,32.91
2018-08-13 16:00:00,-20.26,7.36,1796.82,0,103924,0,34.64
2018-08-14 16:00:00,-20.69,8.6,1247,0,0,0,36.93
2018-08-15 16:00:00,-22.3,6.19,0,-2413,0,0,36.67
2018-08-16 16:00:00,-23.1,4.86,0,-1331.72,20434,-21225,36.36
2018-08-17 16:00:00,-24.26,5.29,429.02,0,0,-103060,39.02
2018-08-20 16:00:00,-23.75,5.29,0,0,0,0,38.09
2018-08-21 16:00:00,-22.69,5.29,0,0,0,0,36.19
2018-08-22 16:00:00,-23.57,5.29,0,0,0,0,37.76
2018-08-23 16:00:00,-23.17,5.29,0,0,0,0,37.04
2018-08-24 16:00:00,-23.42,5.29,0,0,0,0,37.49
2018-08-27 16:00:00,-21.56,5.29,0,0,0,0,34.23
2018-08-28 16:00:00,-21.56,5.16,0,-125.11,103701,0,34.06
2018-08-29 16:00:00,-21.97,5.28,121,0,0,0,34.92
2018-08-30 16:00:00,-23,3.52,0,-1763.24,21000,-21492,34.44
2018-08-31 16:00:00,-23.8,3.47,0,-49.07,0,-101590,35.79
2018-09-03 16:00:00,-23.96,3.47,0,0,0,0,36.07
2018-09-04 16:00:00,-23.11,3.47,0,0,0,0,34.57
2018-09-05 16:00:00,-24.11,3.47,0,0,0,0,36.34
2018-09-06 16:00:00,-24.81,3.47,0,0,0,0,37.61
2018-09-07 16:00:00,-24.9,3.47,0,0,0,0,37.78
2018-09-10 16:00:00,-26.42,3.47,0,0,0,0,40.62
2018-09-11 16:00:00,-26.31,3.47,0,0,0,0,40.41
2018-09-12 16:00:00,-26.82,3.47,0,0,0,0,41.39
2018-09-13 16:00:00,-26.35,3.47,0,0,0,0,40.49
2018-09-14 16:00:00,-26.9,3.47,0,0,0,0,41.55
2018-09-17 16:00:00,-28.02,3.47,0,0,0,0,43.75
2018-09-18 16:00:00,-26.94,3.47,0,0,0,0,41.62
2018-09-19 16:00:00,-26,3.47,0,0,0,0,39.82
2018-09-20 16:00:00,-26.17,3.47,0,0,0,0,40.15
2018-09-21 16:00:00,-24.89,3.47,0,0,0,0,37.76
2018-09-25 16:00:00,-25.14,3.98,510.39,0,102044,0,38.9
2018-09-26 16:00:00,-24.62,4.26,278.65,0,19656,-20352,38.31
2018-09-27 16:00:00,-25.59,1.13,0,-3125.73,19500,-20675,35.91
2018-09-28 16:00:00,-25.01,1.39,256.19,0,0,-98316,35.2
2018-10-08 16:00:00,-27.78,1.39,0,0,0,0,40.39
2018-10-09 16:00:00,-27.92,1.39,0,0,0,0,40.66
2018-10-10 16:00:00,-28.13,1.39,0,0,0,0,41.07
2018-10-11 16:00:00,-32.76,1.39,0,0,0,0,50.79
2018-10-12 16:00:00,-32.78,1.39,0,0,0,0,50.83
2018-10-15 16:00:00,-33.53,1.39,0,0,0,0,52.53
2018-10-16 16:00:00,-34.87,1.39,0,0,0,0,55.67
2018-10-17 16:00:00,-34.34,1.39,0,0,0,0,54.42
2018-10-18 16:00:00,-36.16,1.39,0,0,0,0,58.82
2018-10-19 16:00:00,-34.74,1.39,0,0,0,0,55.36
2018-10-22 16:00:00,-31.54,1.39,0,0,0,0,48.1
2018-10-23 16:00:00,-32.85,4.12,2729.88,0,100388,0,55.06
2018-10-24 16:00:00,-33.09,5.9,1779.14,0,40182,-42160,58.27
2018-10-25 16:00:00,-33.4,5.14,0,-755,0,0,57.87
2018-10-26 16:00:00,-33.48,6.92,1773,0,0,0,60.73
2018-10-29 16:00:00,-34.72,5.25,0,-1664,0,0,61.23
2018-10-30 16:00:00,-34.29,5.25,0,-3.25,0,-102500,60.17
2018-10-31 16:00:00,-33.35,5.25,0,0,0,0,57.91
2018-11-01 16:00:00,-32.61,6.23,975.8,0,104015,0,57.63
2018-11-02 16:00:00,-30.26,8.17,1944.55,0,20300,-21045,55.1
2018-11-05 16:00:00,-30.18,11.59,3422,0,0,0,59.83
2018-11-06 16:00:00,-30.67,11.49,0,-103.41,22320,-23625,60.81
2018-11-07 16:00:00,-31.06,10.89,0,-602,0,0,60.85
2018-11-08 16:00:00,-31.37,13.36,2470,0,0,0,65.18
2018-11-09 16:00:00,-31.59,16.53,3174.31,0,22737,-22204,70.34
2018-11-12 16:00:00,-29.82,23.72,7187,0,0,0,76.29
2018-11-13 16:00:00,-28.63,27.69,3971.16,0,48720,-48633,78.91
2018-11-14 16:00:00,-29.05,29.2,1512,0,0,0,82.1
2018-11-15 16:00:00,-28.18,31.14,1941.1,0,29669,-54156,82.6
2018-11-16 16:00:00,-27.53,35.9,4753,0,0,0,87.53
2018-11-19 16:00:00,-27.22,36.74,848.94,0,54012,-55276,87.88
2018-11-20 16:00:00,-29.23,33.13,0,-3610,0,0,88.12
2018-11-21 16:00:00,-28.89,35.41,2280,0,0,0,90.42
2018-11-22 16:00:00,-28.69,35.37,0,-43.11,54168,-27159,89.83
2018-11-23 16:00:00,-31.34,35.18,0,-186.71,0,-134394,96.88
2018-11-26 16:00:00,-31.6,35.18,0,0,0,0,97.63
2018-11-27 16:00:00,-31.25,35.18,0,0,0,0,96.63
2018-11-28 16:00:00,-30.32,35.18,0,0,0,0,94
2018-11-29 16:00:00,-31.77,35.18,0,0,0,0,98.12
2018-11-30 16:00:00,-31.11,35.18,0,0,0,0,96.23
2018-12-03 16:00:00,-28.81,35.18,0,0,0,0,89.89
2018-12-04 16:00:00,-28.5,37.07,1890.3,0,132336,0,91.71
2018-12-05 16:00:00,-28.81,35.81,0,-1263,0,0,90.77
2018-12-06 16:00:00,-30.33,33.82,0,-1991.83,26856,-27521,92.08
2018-12-07 16:00:00,-30.4,34.36,539.22,0,26450,-25264,93.05
2018-12-10 16:00:00,-31.35,31.54,0,-2821.67,25845,-26856,91.61
2018-12-11 16:00:00,-30.85,32.21,670.03,0,0,-129204,91.19
2018-12-12 16:00:00,-30.85,32.21,0,0,0,0,91.19
2018-12-13 16:00:00,-30.26,32.21,0,0,0,0,89.58
2018-12-14 16:00:00,-31.97,27.09,0,-5118.97,129893,0,86.81
2018-12-17 16:00:00,-32.32,27.35,258.2,0,0,-125234,88.16
2018-12-18 16:00:00,-32.88,27.35,0,0,0,0,89.73
2018-12-19 16:00:00,-33.88,27.35,0,0,0,0,92.6
2018-12-20 16:00:00,-33.77,27.35,0,0,0,0,92.28
2018-12-21 16:00:00,-34.44,27.35,0,0,0,0,94.25
2018-12-24 16:00:00,-33.88,27.35,0,0,0,0,92.6
2018-12-25 16:00:00,-34.39,27.25,0,-94.03,100092,0,93.95
2018-12-26 16:00:00,-34.66,27.11,0,-142.02,0,-100016,94.54
2018-12-27 16:00:00,-35.51,22.09,0,-5021.64,125465,0,89.32
2018-12-28 16:00:00,-35.31,22.67,584.41,0,0,-121223,89.63
2019-01-02 16:00:00,-35.88,22.67,0,0,0,0,91.31
2019-01-03 16:00:00,-36.5,22.67,0,0,0,0,93.18
2019-01-04 16:00:00,-34.85,22.67,0,0,0,0,88.29
2019-01-07 16:00:00,-33.54,22.67,0,0,0,0,84.58
2019-01-08 16:00:00,-33.47,23.56,885.58,0,121407,0,85.72
2019-01-09 16:00:00,-33.09,23.46,0,-95,0,0,84.52
2019-01-10 16:00:00,-33.25,23.23,0,-236,0,0,84.61
2019-01-11 16:00:00,-32.76,24.45,1226,0,0,0,85.08
2019-01-14 16:00:00,-33.16,23.67,0,-787.5,24864,-24644,85.02
2019-01-15 16:00:00,-32.21,25.05,1383,0,0,0,84.47
2019-01-16 16:00:00,-32.37,24.64,0,-405,0,0,84.3
2019-01-17 16:00:00,-32.92,24.03,0,-614,0,0,84.9
2019-01-18 16:00:00,-32.32,23.52,0,-505.53,0,-122714,82.51
2019-01-21 16:00:00,-31.88,23.52,0,0,0,0,81.33
2019-01-22 16:00:00,-32.7,22.24,0,-1284.4,121347,0,81.63
2019-01-23 16:00:00,-32.63,22.96,714.74,0,0,-120971,82.51
2019-01-24 16:00:00,-32.27,22.96,0,0,0,0,81.54
2019-01-25 16:00:00,-32.34,20.69,0,-2266.34,121138,0,78.38
2019-01-28 16:00:00,-32.53,21.2,512.55,0,0,-119576,79.64
2019-01-29 16:00:00,-33.47,21.2,0,0,0,0,82.17
2019-01-30 16:00:00,-34.47,21.2,0,0,0,0,84.95
2019-01-31 16:00:00,-35.12,21.2,0,0,0,0,86.81
2019-02-01 16:00:00,-33.15,21.2,0,0,0,0,81.3
2019-02-11 16:00:00,-31.1,21.2,0,0,0,0,75.91
2019-02-12 16:00:00,-30.26,21.2,0,0,0,0,73.79
2019-02-13 16:00:00,-29.1,21.75,553.02,0,119938,0,71.72
2019-02-14 16:00:00,-28.58,21.91,160,0,0,0,70.69
2019-02-15 16:00:00,-29,21.88,0,-36,0,0,71.66
2019-02-18 16:00:00,-26.29,25.96,4081,0,0,0,70.89
2019-02-19 16:00:00,-26.11,27.7,1744,0,0,0,72.82
2019-02-20 16:00:00,-25.76,28.19,483.19,0,24810,-25668,72.67
2019-02-21 16:00:00,-25.94,27.34,0,-846,0,0,71.94
2019-02-22 16:00:00,-24.26,29.17,1828,0,0,0,70.54
2019-02-25 16:00:00,-20.57,34.13,4966,0,0,0,68.87
2019-02-26 16:00:00,-20.83,33.79,0,-349.37,26400,-26502,68.99
2019-02-27 16:00:00,-21.5,33.86,77,0,0,0,70.52
2019-02-28 16:00:00,-21.23,35.32,1453,0,0,0,71.79
2019-03-01 16:00:00,-20.64,36.45,1135,0,0,0,71.94
2019-03-04 16:00:00,-18.97,41.84,5393,0,0,0,75.05
2019-03-05 16:00:00,-17.04,47.98,6133.19,0,56766,-59831,78.38
2019-03-06 16:00:00,-15.68,55.28,7306,0,0,0,84.16
2019-03-07 16:00:00,-15.02,60.86,5575.54,0,30061,-31878,89.29
2019-03-08 16:00:00,-17.79,53.32,0,-7535.47,31392,-33884,86.5
2019-03-11 16:00:00,-14.33,61.64,8322,0,0,0,88.68
2019-03-12 16:00:00,-12.79,66.58,4937,0,0,0,91.01
2019-03-13 16:00:00,-14.91,64.21,0,-2368.98,33120,-35420,92.98
2019-03-14 16:00:00,-17.15,59.92,0,-4292.37,32148,-32864,93.02
2019-03-15 16:00:00,-16.01,61.22,1302,0,0,-149229,91.95
2019-03-18 16:00:00,-13.87,65.71,4490.36,0,158808,0,92.4
2019-03-19 16:00:00,-13.76,68.68,2969.51,0,0,-166532,95.59
2019-03-20 16:00:00,-14.08,68.68,0,0,0,0,96.32
2019-03-21 16:00:00,-13.33,69.78,1094.76,0,164142,0,95.89
2019-03-22 16:00:00,-13.1,70.42,639,0,0,0,96.11
2019-03-25 16:00:00,-14.22,70.58,167.57,0,32256,-33660,98.86
2019-03-26 16:00:00,-16.05,69.98,0,-604,0,0,102.48
2019-03-27 16:00:00,-15.34,67.35,0,-2631.23,0,-161717,97.67
2019-03-28 16:00:00,-16.17,67.35,0,0,0,0,99.63
2019-03-29 16:00:00,-13.45,67.35,0,0,0,0,93.36
2019-04-01 16:00:00,-10.21,67.35,0,0,0,0,86.38
2019-04-02 16:00:00,-10,71.41,4060.43,0,161908,0,90.46
2019-04-03 16:00:00,-9.34,76.23,4817.12,0,33072,-35350,94.39
2019-04-04 16:00:00,-9.04,76.08,0,-140.78,35073,-34815,93.58
2019-04-08 16:00:00,-9.59,76,0,-80,0,0,94.67
2019-04-09 16:00:00,-9.34,81.28,5274,0,0,0,99.96
2019-04-10 16:00:00,-9.42,81.35,66.34,0,35460,-36938,100.21
2019-04-11 16:00:00,-11.37,78.98,0,-2368.92,35640,-38636,101.94
2019-04-12 16:00:00,-11.36,77.82,0,-1159.29,0,-166379,100.61
2019-04-15 16:00:00,-12.13,77.82,0,0,0,0,102.37
2019-04-16 16:00:00,-10.35,77.82,0,0,0,0,98.35
2019-04-17 16:00:00,-9.66,77.82,0,0,0,0,96.83
2019-04-18 16:00:00,-10.21,77.82,0,0,0,0,98.04
2019-04-19 16:00:00,-9.48,79.88,2059.89,0,173708,0,98.72
2019-04-22 16:00:00,-10.65,77.4,0,-2477,0,0,98.55
2019-04-23 16:00:00,-11.99,72.28,0,-5118.06,34734,-35104,95.75
2019-04-24 16:00:00,-11.02,72.5,217.15,0,0,-168347,93.86
2019-04-25 16:00:00,-14.11,72.5,0,0,0,0,100.84
2019-04-26 16:00:00,-15.55,72.5,0,0,0,0,104.26
2019-04-29 16:00:00,-17.74,72.5,0,0,0,0,109.7
2019-04-30 16:00:00,-17.13,72.5,0,0,0,0,108.16
2019-05-06 16:00:00,-23.23,72.5,0,0,0,0,124.7
2019-05-07 16:00:00,-22.22,72.5,0,0,0,0,121.78
2019-05-08 16:00:00,-22.77,72.5,0,0,0,0,123.36
2019-05-09 16:00:00,-23.75,72.5,0,0,0,0,126.23
2019-05-10 16:00:00,-20.97,72.5,0,0,0,0,118.27
2019-05-13 16:00:00,-21.98,72.5,0,0,0,0,121.1
2019-05-14 16:00:00,-22.49,73.66,1160,0,169986,0,124.05
2019-05-15 16:00:00,-20.67,76.96,3302,0,0,0,123.07
2019-05-16 16:00:00,-20.38,78.38,1419,0,0,0,124.04
2019-05-17 16:00:00,-22.87,70.85,0,-7530,0,0,121.51
2019-05-20 16:00:00,-23.7,71.92,1069.42,0,0,-169678,125.32
2019-05-21 16:00:00,-22.18,71.92,0,0,0,0,120.92
2019-05-22 16:00:00,-22.65,71.92,0,0,0,0,122.26
2019-05-23 16:00:00,-24.65,71.92,0,0,0,0,128.16
2019-05-24 16:00:00,-25.15,71.92,0,0,0,0,129.69
2019-05-27 16:00:00,-23.22,71.92,0,0,0,0,123.91
2019-05-28 16:00:00,-22.83,72.99,1066.92,0,170261,0,124.17
2019-05-29 16:00:00,-22.87,71.75,0,-1237.47,0,-170363,122.68
2019-05-30 16:00:00,-23.33,70.26,0,-1491.16,170522,0,122.07
2019-05-31 16:00:00,-23.4,69.07,0,-1184.2,0,0,120.72
2019-06-03 16:00:00,-24.24,66.45,0,-2628,0,0,119.71
2019-06-04 16:00:00,-25.35,65.38,0,-1069.22,0,-164017,121.54
2019-06-05 16:00:00,-25.5,65.38,0,0,0,0,121.99
2019-06-06 16:00:00,-27.17,65.38,0,0,0,0,127.08
2019-06-10 16:00:00,-26.09,65.38,0,0,0,0,123.76
2019-06-11 16:00:00,-23.43,65.38,0,0,0,0,115.99
2019-06-12 16:00:00,-23.96,64.87,0,-509.23,164095,0,116.82
2019-06-13 16:00:00,-23.65,66.58,1712,0,0,0,118.18
2019-06-14 16:00:00,-25.02,63.41,0,-3166,0,0,117.94
2019-06-17 16:00:00,-25.24,65.42,2010.62,0,31464,-35340,121.27
2019-06-18 16:00:00,-25.14,64.2,0,-1219.09,32267,-31855,119.34
2019-06-19 16:00:00,-23.99,68.07,3862.2,0,0,-163690,121.12
2019-06-20 16:00:00,-22.69,68.07,0,0,0,0,117.4
2019-06-21 16:00:00,-21.69,68.07,0,0,0,0,114.62
2019-06-24 16:00:00,-21.73,71.53,3466.06,0,166456,0,119.15
2019-06-25 16:00:00,-22.64,69.41,0,-2123.11,66688,-68540,118.99
2019-06-26 16:00:00,-22.52,71.77,2362,0,0,0,121.7
2019-06-27 16:00:00,-21.6,70.19,0,-1585.59,33762,-34968,117.08
2019-06-28 16:00:00,-22.38,67.46,0,-2722,0,0,115.74
2019-07-01 16:00:00,-19.73,69.1,1635.68,0,0,-164860,110.66
2019-07-02 16:00:00,-19.66,69.1,0,0,0,0,110.48
2019-07-03 16:00:00,-20.57,68.67,0,-428.12,167051,0,112.35
2019-07-04 16:00:00,-21.13,68.74,63.96,0,0,-166954,113.95
2019-07-05 16:00:00,-20.68,68.74,0,0,0,0,112.73
2019-07-08 16:00:00,-22.92,63.15,0,-5587.77,165909,0,111.66
2019-07-09 16:00:00,-22.8,63.96,811.19,0,0,-161392,112.38
2019-07-10 16:00:00,-23.31,63.96,0,0,0,0,113.8
2019-07-11 16:00:00,-23.44,63.96,0,0,0,0,114.16
2019-07-12 16:00:00,-23.05,63.96,0,0,0,0,113.07
2019-07-15 16:00:00,-22.31,63.96,0,0,0,0,111.04
2019-07-16 16:00:00,-22.3,65.22,1256.41,0,161968,0,112.64
2019-07-17 16:00:00,-22.13,65.31,95,0,0,0,112.29
2019-07-18 16:00:00,-23.51,61.85,0,-3462,0,0,111.6
2019-07-19 16:00:00,-23.02,61.71,0,-137.97,0,-159976,110.07
2019-07-22 16:00:00,-24.37,61.71,0,0,0,0,113.82
2019-07-23 16:00:00,-23.61,61.71,0,0,0,0,111.69
2019-07-24 16:00:00,-22.75,61.71,0,0,0,0,109.33
2019-07-25 16:00:00,-22.16,61.71,0,0,0,0,107.75
2019-07-26 16:00:00,-22.02,61.71,0,0,0,0,107.37
2019-07-29 16:00:00,-21.94,62.02,310.78,0,160740,0,107.56
2019-07-30 16:00:00,-21.64,63.44,1415,0,0,0,108.58
2019-07-31 16:00:00,-22.04,62,0,-1436.67,32148,-33099,107.8
2019-08-01 16:00:00,-22.43,60.89,0,-1109,0,0,107.41
2019-08-02 16:00:00,-23.74,56.79,0,-4096,0,0,105.6
2019-08-05 16:00:00,-24.83,56.96,168.05,0,0,-155344,108.81
2019-08-06 16:00:00,-26.29,56.96,0,0,0,0,112.94
2019-08-07 16:00:00,-26.61,56.96,0,0,0,0,113.87
2019-08-08 16:00:00,-26.01,56.96,0,0,0,0,112.14
2019-08-09 16:00:00,-26.88,56.96,0,0,0,0,114.66
2019-08-12 16:00:00,-25.35,56.96,0,0,0,0,110.26
2019-08-13 16:00:00,-25.97,56.96,0,0,0,0,112.02
2019-08-14 16:00:00,-25.54,56.96,0,0,0,0,110.8
2019-08-15 16:00:00,-25.13,56.96,0,0,0,0,109.64
2019-08-16 16:00:00,-24.66,57.82,861.11,0,156284,0,109.48
2019-08-19 16:00:00,-22.45,62.61,4784,0,0,0,109.68
2019-08-20 16:00:00,-22.39,62.64,32,0,0,0,109.56
2019-08-21 16:00:00,-22.46,62.28,0,-364,0,0,109.29
2019-08-22 16:00:00,-22.16,62.34,65,0,0,0,108.56
2019-08-23 16:00:00,-22.12,63.27,933,0,0,0,109.64
2019-08-26 16:00:00,-22.72,59.88,0,-3392,0,0,106.88
2019-08-27 16:00:00,-21.2,60.17,284.34,0,0,-159742,103.26
2019-08-28 16:00:00,-21.37,60.73,560.28,0,159069,0,104.41
2019-08-29 16:00:00,-21.49,60.66,0,-62.77,0,-159822,104.64
2019-08-30 16:00:00,-22.27,60.66,0,0,0,0,106.69
2019-09-02 16:00:00,-20.63,60.66,0,0,0,0,102.42
2019-09-03 16:00:00,-19.87,60.84,177.37,0,158752,0,100.72
2019-09-04 16:00:00,-19.43,60.45,0,-391.43,0,-158792,99.14
2019-09-05 16:00:00,-18.68,64.25,3799.25,0,159169,0,101.98
2019-09-06 16:00:00,-18.46,63.77,0,-481.17,32101,-34263,100.85
2019-09-09 16:00:00,-16.84,65.89,2123.48,0,32631,-32101,99.48
2019-09-10 16:00:00,-16.79,66.19,294,0,0,0,99.72
2019-09-11 16:00:00,-17.56,65.47,0,-719,0,0,100.72
2019-09-12 16:00:00,-17.12,66.19,726,0,0,0,100.52
2019-09-16 16:00:00,-16.8,68.43,2233,0,0,0,102.44
2019-09-17 16:00:00,-18.5,67.76,0,-662,0,0,105.84
2019-09-18 16:00:00,-18.27,72.84,5076.61,0,0,-170302,111.48
2019-09-19 16:00:00,-17.47,72.84,0,0,0,0,109.43
2019-09-20 16:00:00,-17.26,73.68,843.46,0,171786,0,109.91
2019-09-23 16:00:00,-17.87,70.28,0,-3400,0,0,107.33
2019-09-24 16:00:00,-17.74,69.99,0,-289.97,0,-169211,106.65
2019-09-25 16:00:00,-19.26,65.88,0,-4109.81,169365,0,105.45
2019-09-26 16:00:00,-21.2,66.78,896.66,0,0,-166419,111.65
2019-09-27 16:00:00,-20.33,66.78,0,0,0,0,109.34
2019-09-30 16:00:00,-21.2,66.78,0,0,0,0,111.65
2019-10-08 16:00:00,-21.14,66.78,0,0,0,0,111.49
2019-10-09 16:00:00,-20.62,66.78,0,0,0,0,110.1
2019-10-10 16:00:00,-19.53,66.78,0,0,0,0,107.26
2019-10-11 16:00:00,-19.43,67.69,905.49,0,165044,0,108.13
2019-10-14 16:00:00,-18.26,69.77,2084,0,0,0,107.7
2019-10-15 16:00:00,-19.35,68.49,0,-1284,0,0,108.92
2019-10-16 16:00:00,-19.65,67.34,0,-1140.73,32718,-33780,108.26
2019-10-17 16:00:00,-19.51,66.12,0,-1224,0,0,106.39
2019-10-18 16:00:00,-20.37,66.07,0,-51.66,0,-163587,108.55
2019-10-21 16:00:00,-20.34,66.07,0,0,0,0,108.47
2019-10-22 16:00:00,-19.49,66.07,0,0,0,0,106.27
2019-10-23 16:00:00,-20.05,66.07,0,0,0,0,107.72
2019-10-24 16:00:00,-20.11,66.07,0,0,0,0,107.87
2019-10-25 16:00:00,-19.31,66.07,0,0,0,0,105.81
2019-10-28 16:00:00,-17.86,65.97,0,-98.53,165094,0,102.06
2019-10-29 16:00:00,-18.6,63.11,0,-2856,0,0,100.38
2019-10-30 16:00:00,-19.35,62.64,0,-478.5,0,-161921,101.66
2019-10-31 16:00:00,-20.11,62.64,0,0,0,0,103.58
2019-11-01 16:00:00,-19.25,62.64,0,0,0,0,101.41
2019-11-04 16:00:00,-18.84,62.64,0,0,0,0,100.39
2019-11-05 16:00:00,-18.34,62.64,0,0,0,0,99.17
2019-11-06 16:00:00,-19.1,62.64,0,0,0,0,101.04
2019-11-07 16:00:00,-18.57,62.64,0,0,0,0,99.73
2019-11-08 16:00:00,-18.74,62.64,0,0,0,0,100.15
2019-11-11 16:00:00,-20.38,62.64,0,0,0,0,104.27
2019-11-12 16:00:00,-20.18,62.64,0,0,0,0,103.76
2019-11-13 16:00:00,-20.29,62.64,0,0,0,0,104.04
2019-11-14 16:00:00,-19.77,62.64,0,0,0,0,102.72
2019-11-15 16:00:00,-20.79,62.64,0,0,0,0,105.33
2019-11-18 16:00:00,-20.17,62.64,0,0,0,0,103.73
2019-11-19 16:00:00,-18.68,62.64,0,0,0,0,100
2019-11-20 16:00:00,-19.31,62.46,0,-174.4,161346,0,101.34
2019-11-21 16:00:00,-19.44,62.01,0,-452.59,31920,-32315,101.1
2019-11-22 16:00:00,-20.57,61.16,0,-850,0,0,102.9
2019-11-25 16:00:00,-21.13,60.99,0,-173.99,30734,-32900,104.12
2019-11-26 16:00:00,-20.95,60.78,0,-200.48,0,-157290,103.39
2019-11-27 16:00:00,-21,60.78,0,0,0,0,103.52
2019-11-28 16:00:00,-21.22,60.78,0,0,0,0,104.09
2019-11-29 16:00:00,-21.26,60.78,0,0,0,0,104.19
2019-12-02 16:00:00,-21.1,60.78,0,0,0,0,103.78
2019-12-03 16:00:00,-20.77,60.78,0,0,0,0,102.93
2019-12-04 16:00:00,-20.68,62.46,1671.95,0,160157,0,104.82
2019-12-05 16:00:00,-19.71,63.41,954.49,0,32332,-32930,103.52
2019-12-06 16:00:00,-19.01,63.9,491,0,0,0,102.37
2019-12-09 16:00:00,-19.05,64.83,925.57,0,31878,-32208,103.62
2019-12-10 16:00:00,-18.73,64.79,0,-37.95,32426,-33251,102.77
2019-12-11 16:00:00,-19.08,63.38,0,-1411.89,32643,-33154,101.9
2019-12-12 16:00:00,-19.21,61.88,0,-1494.95,32648,-32426,100.37
2019-12-13 16:00:00,-18.05,62.29,410.82,0,0,-160142,98.04
2019-12-16 16:00:00,-16.7,64.45,2155.7,0,161004,0,97.42
2019-12-17 16:00:00,-15.65,66.12,1668,0,0,0,96.94
2019-12-18 16:00:00,-15.53,66.64,520,0,0,0,97.28
2019-12-19 16:00:00,-15.42,69.31,2671.02,0,33669,-34526,100.18
2019-12-20 16:00:00,-16.04,70.9,1593.3,0,33810,-33507,103.55
2019-12-23 16:00:00,-17.6,67.16,0,-3743.23,33300,-34800,102.86
2019-12-24 16:00:00,-16.38,67.15,0,-13.5,0,-164227,99.89
2019-12-25 16:00:00,-16.06,67.15,0,0,0,0,99.13
2019-12-26 16:00:00,-15.53,67.15,0,0,0,0,97.88
2019-12-27 16:00:00,-15.95,67.15,0,0,0,0,98.87
2019-12-30 16:00:00,-15.31,67.15,0,0,0,0,97.37
2019-12-31 16:00:00,-14.68,68.64,1498.5,0,164987,0,97.66
2020-01-02 16:00:00,-12.79,71.44,2801,0,0,0,96.58
2020-01-03 16:00:00,-12.4,72.9,1459,0,0,0,97.37
2020-01-06 16:00:00,-11.67,74.22,1317,0,0,0,97.24
2020-01-07 16:00:00,-10.58,76.09,1872.23,0,34593,-34920,96.92
2020-01-08 16:00:00,-11.79,73.03,0,-3060,0,0,96.16
2020-01-09 16:00:00,-10.3,75.17,2139,0,0,0,95.28
2020-01-10 16:00:00,-10.47,74.31,0,-862,0,0,94.69
2020-01-13 16:00:00,-9.04,73.11,0,-1195,0,0,90.31
2020-01-14 16:00:00,-9.12,73.96,846,0,0,0,91.42
2020-01-15 16:00:00,-9.19,75.55,1588,0,0,0,93.32
2020-01-16 16:00:00,-9.38,75.65,101.64,0,35547,-39000,93.83
2020-01-17 16:00:00,-9.82,75.88,227.57,0,0,-170328,95.03
2020-01-20 16:00:00,-8.5,75.88,0,0,0,0,92.22
2020-01-21 16:00:00,-9.57,75.88,0,0,0,0,94.49
2020-01-22 16:00:00,-8.76,75.88,0,0,0,0,92.77
2020-01-23 16:00:00,-11.77,75.88,0,0,0,0,99.34
2020-02-03 16:00:00,-19.21,75.88,0,0,0,0,117.7
2020-02-04 16:00:00,-17.72,75.88,0,0,0,0,113.76
2020-02-05 16:00:00,-15.57,75.88,0,0,0,0,108.31
2020-02-06 16:00:00,-13.02,75.88,0,0,0,0,102.21
2020-02-07 16:00:00,-12.76,75.88,0,0,0,0,101.6
2020-02-10 16:00:00,-11.88,75.88,0,0,0,0,99.59
2020-02-11 16:00:00,-11.87,75.45,0,-424.13,173776,0,99.08
2020-02-12 16:00:00,-10.5,78.63,3173,0,0,0,99.59
2020-02-13 16:00:00,-11.23,73.8,0,-4831,0,0,95.79
2020-02-14 16:00:00,-10.94,73.48,0,-318.5,33540,-33411,94.79
2020-02-17 16:00:00,-8.1,79.36,5886,0,0,0,95.17
2020-02-18 16:00:00,-7.14,82.38,3015,0,0,0,96.4
2020-02-19 16:00:00,-7.58,82.78,400,0,0,0,97.77
2020-02-20 16:00:00,-5.61,88.62,5838,0,0,0,99.83
2020-02-21 16:00:00,-4.33,92.88,4259.51,0,37128,-37960,101.61
2020-02-24 16:00:00,-2.82,96.65,3775,0,0,0,102.36
2020-02-25 16:00:00,-1.99,98,1349.61,0,39004,-48222,102.02
2020-02-26 16:00:00,-4.85,97.45,0,-548,0,0,107.51
2020-02-27 16:00:00,-4.66,97.31,0,-145.79,39550,-36868,106.95
2020-02-28 16:00:00,-9.29,88.82,0,-8490,0,0,108.16
2020-03-02 16:00:00,-5.97,89.22,405.46,0,0,-180416,101.23
2020-03-03 16:00:00,-5.19,89.22,0,0,0,0,99.58
2020-03-04 16:00:00,-5.07,89.22,0,0,0,0,99.33
2020-03-05 16:00:00,-3.51,91.51,2284.81,0,187316,0,98.48
2020-03-06 16:00:00,-4.04,92.11,604,0,0,0,100.2
2020-03-09 16:00:00,-7.76,85.78,0,-6331.37,37800,-38488,101.41
2020-03-10 16:00:00,-5.64,90.18,4401,0,0,0,101.55
2020-03-11 16:00:00,-7.09,89,0,-1178,0,0,103.42
2020-03-12 16:00:00,-9.2,87.58,0,-1423.95,0,-185343,106.59
2020-03-13 16:00:00,-10.12,87.58,0,0,0,0,108.7
2020-03-16 16:00:00,-14.51,87.58,0,0,0,0,119.42
2020-03-17 16:00:00,-14.82,87.58,0,0,0,0,120.22
2020-03-18 16:00:00,-15.94,87.58,0,0,0,0,123.15
2020-03-19 16:00:00,-15.34,87.58,0,0,0,0,121.57
2020-03-20 16:00:00,-14.44,87.58,0,0,0,0,119.24
2020-03-23 16:00:00,-18.2,87.58,0,0,0,0,129.32
2020-03-24 16:00:00,-16.79,87.58,0,0,0,0,125.43
2020-03-25 16:00:00,-14.34,91.29,3712.05,0,186491,0,123.31
2020-03-26 16:00:00,-15.24,87.92,0,-3374.57,37312,-38753,121.71
2020-03-27 16:00:00,-15.76,86.11,0,-1806.61,37576,-38720,120.93
2020-03-30 16:00:00,-17.44,82.27,0,-3837.71,0,-179011,120.77
2020-03-31 16:00:00,-16.85,82.27,0,0,0,0,119.21
2020-04-01 16:00:00,-17.12,82.27,0,0,0,0,119.92
2020-04-02 16:00:00,-15.16,82.27,0,0,0,0,114.84
2020-04-03 16:00:00,-15.52,82.27,0,0,0,0,115.76
2020-04-07 16:00:00,-12.76,82.27,0,0,0,0,108.93
2020-04-08 16:00:00,-12.92,85.1,2831.77,0,180766,0,112.56
2020-04-09 16:00:00,-12.27,92.86,7753,0,0,0,119.83
2020-04-10 16:00:00,-14.21,90.53,0,-2330.31,77151,-83972,122.09
2020-04-13 16:00:00,-14.99,90.62,90,0,0,0,124.23
2020-04-14 16:00:00,-12.91,93.04,2422,0,0,0,121.66
2020-04-15 16:00:00,-13.27,90.13,0,-2907.9,0,-182227,119.22
2020-04-16 16:00:00,-12.87,90.13,0,0,0,0,118.21
2020-04-17 16:00:00,-12.58,90.13,0,0,0,0,117.49
2020-04-20 16:00:00,-11.61,90.13,0,0,0,0,115.1
2020-04-21 16:00:00,-12.33,90.51,377.15,0,189503,0,117.3
2020-04-22 16:00:00,-11.37,89.15,0,-1362.47,0,-188820,113.42
2020-04-23 16:00:00,-11.79,85.89,0,-3258.56,188520,0,110.74
2020-04-24 16:00:00,-13.21,79.18,0,-6705,0,0,106.45
2020-04-27 16:00:00,-13.14,77.83,0,-1353.56,0,-142736,104.73
2020-04-28 16:00:00,-13.42,76.12,0,-1708,0,0,103.42
2020-04-29 16:00:00,-13.52,74.62,0,-1505,0,-31537,101.92
2020-04-30 16:00:00,-11.78,74.62,0,0,0,0,97.94
2020-05-06 16:00:00,-10.41,74.62,0,0,0,0,94.91
2020-05-07 16:00:00,-10.62,74.62,0,0,0,0,95.37
2020-05-08 16:00:00,-9.78,74.62,0,0,0,0,93.55
2020-05-11 16:00:00,-10.05,74.29,0,-323.63,172101,0,93.76
2020-05-12 16:00:00,-9.83,76.9,2610.19,0,34408,-33453,96.18
2020-05-13 16:00:00,-9.18,74.63,0,-2275.44,34472,-35460,92.28
2020-05-14 16:00:00,-10.18,73.39,0,-1231.98,34440,-35112,93.04
2020-05-15 16:00:00,-10.09,72.99,0,-403,0,0,92.4
2020-05-18 16:00:00,-10.66,69.12,0,-3871,0,0,89.3
2020-05-19 16:00:00,-9.39,69.9,781.75,0,0,-167118,87.51
2020-05-20 16:00:00,-10.27,69.51,0,-393.53,135108,0,88.91
2020-05-21 16:00:00,-11.27,68.81,0,-697.5,0,-134232,90.25
2020-05-22 16:00:00,-12.8,68.81,0,0,0,0,93.59
2020-05-25 16:00:00,-13.1,68.81,0,0,0,0,94.26
2020-05-26 16:00:00,-11.23,68.81,0,0,0,0,90.17
2020-05-27 16:00:00,-11.77,68.81,0,0,0,0,91.33
2020-05-28 16:00:00,-12.08,68.81,0,0,0,0,92
2020-05-29 16:00:00,-11.18,70.5,1690.65,0,167838,0,91.96
2020-06-01 16:00:00,-8.42,73.1,2594,0,0,0,89.02
2020-06-02 16:00:00,-8.27,75.02,1925,0,0,0,90.8
2020-06-03 16:00:00,-7.94,75.23,207,0,0,0,90.34
2020-06-04 16:00:00,-7.8,76.34,1113,0,0,0,91.26
2020-06-05 16:00:00,-7.61,75.52,0,-819,0,0,89.98
2020-06-08 16:00:00,-7.68,77.93,2410,0,0,0,92.73
2020-06-09 16:00:00,-7.01,83.12,5184,0,0,0,96.92
2020-06-10 16:00:00,-6.7,86.86,3743.97,0,0,-186179,100.28
2020-06-11 16:00:00,-7.24,86.86,0,0,0,0,101.44
2020-06-12 16:00:00,-7.1,86.86,0,0,0,0,101.14
2020-06-15 16:00:00,-7.28,86.86,0,0,0,0,101.53
2020-06-16 16:00:00,-5.66,86.86,0,0,0,0,98.07
2020-06-17 16:00:00,-5.11,86.86,0,0,0,0,96.92
2020-06-18 16:00:00,-4.83,87.85,994.24,0,185860,0,97.38
2020-06-19 16:00:00,-4.04,87.86,9.04,0,36942,-38367,95.77
2020-06-22 16:00:00,-3.73,87.35,0,-517,0,0,94.61
2020-06-23 16:00:00,-3.24,87.66,314,0,0,0,93.94
2020-06-24 16:00:00,-3.3,87.75,90.61,0,0,-185684,94.16
2020-06-29 16:00:00,-3.72,87.75,0,0,0,0,95
2020-06-30 16:00:00,-1.76,87.75,0,0,0,0,91.11
2020-07-01 16:00:00,-0.98,87.75,0,0,0,0,89.61
2020-07-02 16:00:00,0.21,87.75,0,0,0,0,87.36
2020-07-03 16:00:00,1.36,89.91,2162.23,0,185884,0,87.36
2020-07-06 16:00:00,5.45,97.77,7861.47,0,37788,-37842,87.55
2020-07-07 16:00:00,7.31,98.52,747.41,0,39273,-40618,85
2020-07-08 16:00:00,9.35,105.07,6547,0,0,0,87.54
2020-07-09 16:00:00,12.32,112.79,7717,0,0,0,89.45
2020-07-10 16:00:00,11.68,114.7,1910.83,0,42835,-43320,92.25
2020-07-13 16:00:00,15.97,125.73,11029,0,0,0,94.65
2020-07-14 16:00:00,14.97,131.65,5928.71,0,46055,-44982,101.49
2020-07-15 16:00:00,12.12,134.53,2878.83,0,0,-17824,109.18
2020-07-16 16:00:00,6.34,130.01,0,-4526.3,46410,-46440,116.3
2020-07-17 16:00:00,7.34,129.91,0,-96.09,0,-210072,114.19
2020-07-20 16:00:00,10.49,129.91,0,0,0,0,108.08
2020-07-21 16:00:00,11.07,129.91,0,0,0,0,107
2020-07-22 16:00:00,11.96,129.91,0,0,0,0,105.35
2020-07-23 16:00:00,11.68,129.91,0,0,0,0,105.86
2020-07-24 16:00:00,6.08,124.69,0,-5216.29,227646,0,111.81
2020-07-27 16:00:00,6.68,125.97,1280.71,0,0,-224070,111.82
2020-07-28 16:00:00,8.24,125.97,0,0,0,0,108.77
2020-07-29 16:00:00,11.21,125.97,0,0,0,0,103.19
2020-07-30 16:00:00,10.85,125.97,0,0,0,0,103.85
2020-07-31 16:00:00,12.41,125.97,0,0,0,0,101.02
2020-08-03 16:00:00,15.41,130.7,4729.57,0,224764,0,99.9
2020-08-04 16:00:00,14.6,130.19,0,-509.49,45150,-46880,100.86
2020-08-05 16:00:00,15.82,133.37,3172,0,0,0,101.49
2020-08-06 16:00:00,15.34,138.95,5588,0,0,0,107.17
2020-08-07 16:00:00,14.07,137.64,0,-1319.52,47880,-53198,108.33
2020-08-10 16:00:00,14.19,140.13,2498,0,0,0,110.29
2020-08-11 16:00:00,12.58,140.66,524.19,0,0,-232927,113.77
2020-08-12 16:00:00,11.53,140.66,0,0,0,0,115.78
2020-08-13 16:00:00,11.73,140.66,0,0,0,0,115.39
2020-08-14 16:00:00,12.94,140.66,0,0,0,0,113.09
2020-08-17 16:00:00,15.05,143.25,2588.66,0,237816,0,111.43
2020-08-18 16:00:00,15.69,143.07,0,-176,0,0,110.1
2020-08-19 16:00:00,13.61,143.11,42.98,0,47484,-49056,113.99
2020-08-20 16:00:00,12.22,151.05,7940,0,0,0,123.71
2020-08-21 16:00:00,13.57,154.92,3870.72,0,0,-250986,124.46
2020-08-24 16:00:00,14.81,156.23,1305.15,0,252846,0,123.18
2020-08-25 16:00:00,14.08,155.07,0,-1161.41,0,-253395,123.59
2020-08-26 16:00:00,12.08,155.07,0,0,0,0,127.58
2020-08-27 16:00:00,12.64,155.07,0,0,0,0,126.45
2020-08-28 16:00:00,14.82,155.07,0,0,0,0,122.15
2020-08-31 16:00:00,14.13,155.07,0,0,0,0,123.49
2020-09-01 16:00:00,14.82,155.07,0,0,0,0,122.15
2020-09-02 16:00:00,14.89,155.07,0,0,0,0,122.01
2020-09-03 16:00:00,13.65,158.51,3444.95,0,253514,0,127.46
2020-09-04 16:00:00,13.01,161.04,2528.38,0,50688,-51858,130.99
2020-09-07 16:00:00,10.16,161.12,83.35,0,51887,-53138,137.04
2020-09-08 16:00:00,10.17,161.25,121.8,0,0,-257850,137.13
2020-09-09 16:00:00,6.97,161.25,0,0,0,0,144.23
2020-09-10 16:00:00,5.52,161.25,0,0,0,0,147.58
2020-09-11 16:00:00,7.26,161.25,0,0,0,0,143.57
2020-09-14 16:00:00,7.86,161.25,0,0,0,0,142.21
2020-09-15 16:00:00,8.85,161.25,0,0,0,0,140.01
2020-09-16 16:00:00,7.83,161.25,0,0,0,0,142.28
2020-09-17 16:00:00,7.88,161.25,0,0,0,0,142.17
2020-09-18 16:00:00,9.61,163.64,2390.34,0,258871,0,140.53
2020-09-21 16:00:00,9.15,166.83,3198,0,0,0,144.46
2020-09-22 16:00:00,7.87,162.97,0,-3865.31,0,-261011,143.78
2020-09-23 16:00:00,8.41,162.97,0,0,0,0,142.57
2020-09-24 16:00:00,6.12,162.97,0,0,0,0,147.8
2020-09-25 16:00:00,6.02,162.97,0,0,0,0,148.04
2020-09-28 16:00:00,5.4,162.97,0,0,0,0,149.5
2020-09-29 16:00:00,6.49,162.97,0,0,0,0,146.94
2020-09-30 16:00:00,6.52,162.97,0,0,0,0,146.87
2020-10-09 16:00:00,9.7,162.97,0,0,0,0,139.72
2020-10-12 16:00:00,12.69,162.97,0,0,0,0,133.36
2020-10-13 16:00:00,13.67,164.08,1112.5,0,261656,0,132.32
2020-10-14 16:00:00,12.93,160.95,0,-3134,0,0,131.07
2020-10-15 16:00:00,12.29,157.96,0,-2988,0,0,129.73
2020-10-16 16:00:00,11.5,162.81,4854,0,0,0,135.7
2020-10-19 16:00:00,10.75,168.25,5433,0,0,0,142.21
2020-10-20 16:00:00,11.96,166.27,0,-1976,0,-265381,137.83
2020-10-21 16:00:00,10.6,166.27,0,0,0,0,140.75
2020-10-22 16:00:00,9.96,166.27,0,0,0,0,142.15
2020-10-23 16:00:00,8.08,166.27,0,0,0,0,146.36
2020-10-26 16:00:00,8.85,166.27,0,0,0,0,144.62
2020-10-27 16:00:00,9.44,166.27,0,0,0,0,143.3
2020-10-28 16:00:00,10.22,166.27,0,0,0,0,141.58
2020-10-29 16:00:00,10.46,166.27,0,0,0,0,141.06
2020-10-30 16:00:00,7.93,166.27,0,0,0,0,146.71
2020-11-02 16:00:00,8.67,166.27,0,0,0,0,145.03
2020-11-03 16:00:00,10.01,166.27,0,0,0,0,142.04
2020-11-04 16:00:00,10.51,166.27,0,0,0,0,140.95
2020-11-05 16:00:00,12.4,166.27,0,0,0,0,136.9
2020-11-06 16:00:00,11.66,166.27,0,0,0,0,138.46
2020-11-09 16:00:00,13.56,169.69,3414.28,0,265743,0,137.49
2020-11-10 16:00:00,12.35,168.06,0,-1623,0,0,138.59
2020-11-11 16:00:00,10.37,167.24,0,-825.28,0,-267136,142.13
2020-11-12 16:00:00,10.75,167.24,0,0,0,0,141.3
2020-11-13 16:00:00,10.44,167.24,0,0,0,0,141.98
2020-11-16 16:00:00,11.21,167.24,0,0,0,0,140.3
2020-11-17 16:00:00,10.2,167.24,0,0,0,0,142.5
2020-11-18 16:00:00,9.87,167.24,0,0,0,0,143.23
2020-11-19 16:00:00,10.7,167.41,170.36,0,265470,0,141.56
2020-11-20 16:00:00,11.33,168.8,1392,0,0,0,141.44
2020-11-23 16:00:00,11.72,170.28,1481.02,0,53790,-54492,141.93
2020-11-24 16:00:00,11.62,169.06,0,-1220,0,0,141.05
2020-11-25 16:00:00,9.73,165.77,0,-3286,0,0,142.2
2020-11-26 16:00:00,9.33,165.28,0,-498.31,0,-263316,142.64
2020-11-27 16:00:00,9.93,165.28,0,0,0,0,141.32
2020-11-30 16:00:00,9.7,165.28,0,0,0,0,141.82
2020-12-01 16:00:00,11.29,165.28,0,0,0,0,138.37
2020-12-02 16:00:00,11.26,165.28,0,0,0,0,138.43
2020-12-03 16:00:00,11.37,165.28,0,0,0,0,138.2
2020-12-04 16:00:00,12.2,165.26,0,-14.72,262394,0,136.42
2020-12-07 16:00:00,11.92,166.07,807,0,0,0,137.73
2020-12-08 16:00:00,11.88,167.11,1044,0,0,0,138.75
2020-12-09 16:00:00,9.94,166.04,0,-1071.65,0,-263580,141.99
2020-12-10 16:00:00,9.72,166.04,0,0,0,0,142.47
2020-12-11 16:00:00,7.86,166.04,0,0,0,0,146.65
2020-12-14 16:00:00,8.61,166.04,0,0,0,0,144.95
2020-12-15 16:00:00,8.98,166.04,0,0,0,0,144.12
2020-12-16 16:00:00,8.45,166.04,0,0,0,0,145.31
2020-12-17 16:00:00,9.23,166.04,0,0,0,0,143.56
2020-12-18 16:00:00,9,166.04,0,0,0,0,144.07
2020-12-21 16:00:00,10.87,166.04,0,0,0,0,139.96
2020-12-22 16:00:00,9.24,166.04,0,0,0,0,143.54
2020-12-23 16:00:00,10.19,166.04,0,0,0,0,141.44
2020-12-24 16:00:00,9.32,166.04,0,0,0,0,143.36
2020-12-25 16:00:00,10.33,166.04,0,0,0,0,141.13
2020-12-28 16:00:00,9.72,166.04,0,0,0,0,142.47
2020-12-29 16:00:00,9.27,166.04,0,0,0,0,143.47
2020-12-30 16:00:00,10.34,166.04,0,0,0,0,141.11
2020-12-31 16:00:00,12.23,166.04,0,0,0,0,137.05
2021-01-04 16:00:00,14.81,166.04,0,0,0,0,131.72
2021-01-05 16:00:00,17.37,166.04,0,0,0,0,126.67
2021-01-06 16:00:00,16.97,160.26,0,-5777.6,265324,0,122.5
2021-01-07 16:00:00,17.4,158.85,0,-1416.11,0,-258546,120.49
2021-01-08 16:00:00,17.26,158.85,0,0,0,0,120.75
2021-01-11 16:00:00,16.09,158.85,0,0,0,0,122.97
2021-01-12 16:00:00,17.87,158.85,0,0,0,0,119.61
2021-01-13 16:00:00,16.8,158.85,0,0,0,0,121.62
2021-01-14 16:00:00,15.01,158.85,0,0,0,0,125.07
2021-01-15 16:00:00,15.22,158.85,0,0,0,0,124.66
2021-01-18 16:00:00,17.32,158.85,0,0,0,0,120.64
2021-01-19 16:00:00,16.24,164.97,6125.7,0,257653,0,127.95
2021-01-20 16:00:00,17.04,169.39,4416,0,0,0,130.17
2021-01-21 16:00:00,19.02,176.11,6725,0,0,0,131.99
2021-01-22 16:00:00,19.52,164.27,0,-11842,0,0,121.11
2021-01-25 16:00:00,19.4,151.6,0,-12669.62,51816,-54672,110.72
2021-01-26 16:00:00,17.58,150.27,0,-1329.72,0,-246707,112.85
2021-01-27 16:00:00,18.34,150.27,0,0,0,0,111.48
2021-01-28 16:00:00,14.91,150.27,0,0,0,0,117.8
2021-01-29 16:00:00,13.86,150.27,0,0,0,0,119.81
2021-02-01 16:00:00,15.46,150.27,0,0,0,0,116.76
2021-02-02 16:00:00,17.44,150.27,0,0,0,0,113.1
2021-02-03 16:00:00,15.89,150.27,0,0,0,0,115.95
2021-02-04 16:00:00,14.42,150.27,0,0,0,0,118.73
2021-02-05 16:00:00,13.04,150.27,0,0,0,0,121.4
2021-02-08 16:00:00,14.52,150.27,0,0,0,0,118.54
2021-02-09 16:00:00,17.22,150.27,0,0,0,0,113.5
2021-02-10 16:00:00,19.51,150.27,0,0,0,0,109.41
2021-02-18 16:00:00,19.65,150.27,0,0,0,0,109.17
2021-02-19 16:00:00,20.46,161.23,10957.18,0,249385,0,116.86
2021-02-22 16:00:00,18.64,164.79,3558,0,0,0,123.19
2021-02-23 16:00:00,17.66,161.89,0,-2899,0,0,122.58
2021-02-24 16:00:00,15.24,170.12,8230,0,0,0,134.4
2021-02-25 16:00:00,14.7,166.6,0,-3522.5,53856,-57960,132.43
2021-02-26 16:00:00,12.68,174.4,7807,0,0,0,143.52
2021-03-01 16:00:00,15.44,188.35,13947.7,0,55867,-64260,149.78
2021-03-02 16:00:00,14.94,187.18,0,-1169,57915,-62790,149.85
2021-03-03 16:00:00,16.32,189.05,1871,0,0,0,148.5
2021-03-04 16:00:00,13.29,189.11,61,0,0,0,155.19
2021-03-05 16:00:00,13.48,193.97,4854,0,0,0,159.05
2021-03-08 16:00:00,10.12,194.54,572,0,0,0,167.47
2021-03-09 16:00:00,7.04,192.98,0,-1562.62,59340,-64476,173.71
2021-03-10 16:00:00,6.88,196.28,3298.19,0,0,-273703,177.21
2021-03-11 16:00:00,8.82,196.28,0,0,0,0,172.27
2021-03-12 16:00:00,8.81,196.28,0,0,0,0,172.29
2021-03-15 16:00:00,6.98,196.28,0,0,0,0,176.95
2021-03-16 16:00:00,7.77,196.28,0,0,0,0,174.92
2021-03-17 16:00:00,8.86,196.69,415.57,0,294771,0,172.54
2021-03-18 16:00:00,9.49,196.53,0,-158,0,0,170.83
2021-03-19 16:00:00,7.34,200.11,3575,0,0,0,179.59
2021-03-22 16:00:00,8.58,204.29,4178,0,0,0,180.24
2021-03-23 16:00:00,7.13,200.41,0,-3879,0,0,180.42
2021-03-24 16:00:00,5.42,198.56,0,-1850.77,58888,-60078,183.21
2021-03-25 16:00:00,5.57,199.97,1416.79,0,0,-297850,184.14
2021-03-26 16:00:00,7.76,199.97,0,0,0,0,178.37
2021-03-29 16:00:00,7.75,199.05,0,-918.51,298365,0,177.54
2021-03-30 16:00:00,8.1,197.27,0,-1784.98,0,-296136,175
2021-03-31 16:00:00,7.45,197.27,0,0,0,0,176.66
2021-04-01 16:00:00,8.71,197.27,0,0,0,0,173.45
2021-04-02 16:00:00,9.29,204.4,7129.12,0,296283,0,178.53
2021-04-06 16:00:00,9.6,214.97,10575.94,0,61776,-66563,187.38
2021-04-07 16:00:00,9.24,220.68,5708,0,0,0,193.56
2021-04-08 16:00:00,9.09,214.22,0,-6463,0,0,188.04
2021-04-09 16:00:00,8.06,214.99,767,0,0,0,191.5
2021-04-12 16:00:00,5.42,210.94,0,-4042.87,62775,-60030,194.95
2021-04-13 16:00:00,5.27,210.53,0,-415.65,0,-308191,194.98
2021-04-14 16:00:00,6.6,210.53,0,0,0,0,191.3
2021-04-15 16:00:00,6.32,210.53,0,0,0,0,192.07
2021-04-16 16:00:00,7,210.53,0,0,0,0,190.21
2021-04-19 16:00:00,9.96,210.45,0,-76.51,308379,0,182.33
2021-04-20 16:00:00,9.85,209.12,0,-1334,0,0,181.4
2021-04-21 16:00:00,9.87,206.96,0,-2159,0,0,179.38
2021-04-22 16:00:00,10.42,206.56,0,-403,0,0,177.63
2021-04-23 16:00:00,10.61,201.86,0,-4699,0,0,172.9
2021-04-26 16:00:00,10.08,198.69,0,-3166.86,0,-243736,171.34
2021-04-27 16:00:00,9.88,196.04,0,-2646,0,0,169.42
2021-04-28 16:00:00,10.66,193.4,0,-2646,0,0,165.14
2021-04-29 16:00:00,10.88,191.05,0,-2352,0,0,162.49
2021-04-30 16:00:00,10.6,189.52,0,-1527.33,0,-44100,161.77
2021-05-06 16:00:00,9.9,189.52,0,0,0,0,163.44
2021-05-07 16:00:00,8.4,189.52,0,0,0,0,167.08
2021-05-10 16:00:00,8.27,189.52,0,0,0,0,167.41
2021-05-11 16:00:00,8.1,189.52,0,0,0,0,167.83
2021-05-12 16:00:00,9.06,191.17,1648.45,0,288506,0,166.98
2021-05-13 16:00:00,8.19,192.29,1124,0,0,0,170.16
2021-05-14 16:00:00,9.54,197.58,5286,0,0,0,171.66
2021-05-17 16:00:00,10.54,189.7,0,-7880.84,58438,-59466,162.08
2021-05-18 16:00:00,10.88,190.66,965.07,0,0,-289178,162.14
2021-05-19 16:00:00,11,190.66,0,0,0,0,161.86
2021-05-20 16:00:00,11.1,190.66,0,0,0,0,161.62
2021-05-21 16:00:00,10.7,190.66,0,0,0,0,162.57
2021-05-24 16:00:00,11.59,190.66,0,0,0,0,160.47
2021-05-25 16:00:00,13.43,189.14,0,-1524.89,289621,0,154.91
2021-05-26 16:00:00,13.4,193.61,4479,0,0,0,158.92
2021-05-27 16:00:00,14.24,194.14,528,0,0,0,157.48
2021-05-28 16:00:00,13.94,191.31,0,-2832,0,0,155.67
2021-05-31 16:00:00,14.93,191.37,62,0,0,0,153.52
2021-06-01 16:00:00,15.79,195.28,3908,0,0,0,155.01
2021-06-02 16:00:00,14.72,195.22,0,-64,0,0,157.34
2021-06-03 16:00:00,14.34,195.19,0,-23.95,58800,-61008,158.17
2021-06-04 16:00:00,15.2,191.93,0,-3267.72,58506,-57820,153.41
2021-06-07 16:00:00,15.69,189.83,0,-2094,0,0,150.52
2021-06-08 16:00:00,14.98,197.98,8148,0,0,0,159.16
2021-06-09 16:00:00,15.29,201.41,3434.84,0,59360,-63349,161.44
2021-06-10 16:00:00,16.16,201.91,500,0,0,0,159.91
2021-06-11 16:00:00,14.83,202.31,398.35,0,59597,-60592,163.27
2021-06-15 16:00:00,13.86,198.27,0,-4038.22,60465,-59290,161.96
2021-06-16 16:00:00,11.35,198.5,223,0,0,-293076,168.07
2021-06-17 16:00:00,12.64,198.5,0,0,0,0,165
2021-06-18 16:00:00,13.7,198.5,0,0,0,0,162.53
2021-06-21 16:00:00,14.68,198.5,0,0,0,0,160.29
2021-06-22 16:00:00,14.96,204.23,5736.99,0,296689,0,164.64
2021-06-23 16:00:00,16.19,203.09,0,-1144.55,60580,-61828,160.86
2021-06-24 16:00:00,16.27,205.24,2148,0,0,0,162.53
2021-06-25 16:00:00,17.42,203.93,0,-1311,0,0,158.84
2021-06-28 16:00:00,18.24,204.79,864,0,0,0,157.77
2021-06-29 16:00:00,17.24,204.6,0,-191.76,0,-302123,159.81
2021-06-30 16:00:00,18.05,204.6,0,0,0,0,158.03
2021-07-01 16:00:00,16.65,204.6,0,0,0,0,161.12
2021-07-02 16:00:00,15.09,204.6,0,0,0,0,164.66
2021-07-05 16:00:00,16.22,204.6,0,0,0,0,162.09
2021-07-06 16:00:00,16.38,204.6,0,0,0,0,161.73
2021-07-07 16:00:00,17.89,204.6,0,0,0,0,158.38
2021-07-08 16:00:00,17.3,198.02,0,-6579.69,302299,0,154.07
2021-07-09 16:00:00,17.62,200,1980.79,0,59040,-58072,155.06
2021-07-12 16:00:00,19.52,203.92,3918,0,0,0,154.28
2021-07-13 16:00:00,20.02,204.93,1008.92,0,60170,-62328,154.07
2021-07-14 16:00:00,18.7,202.88,0,-2041.8,0,0,155.16
2021-07-15 16:00:00,19.08,203.32,433.79,0,0,-300163,154.72
2021-07-16 16:00:00,18.41,203.32,0,0,0,0,156.16
2021-07-19 16:00:00,17.92,203.32,0,0,0,0,157.23
2021-07-20 16:00:00,18.23,203.32,0,0,0,0,156.55
2021-07-21 16:00:00,20.05,203.32,0,0,0,0,152.66
2021-07-22 16:00:00,20.85,203.32,0,0,0,0,150.99
2021-07-23 16:00:00,19.48,198.05,0,-5271.52,301727,0,149.46
2021-07-26 16:00:00,17.6,196.82,0,-1229.41,0,-295701,152.4
2021-07-27 16:00:00,13.86,196.82,0,0,0,0,160.69
2021-07-28 16:00:00,12.4,196.82,0,0,0,0,164.07
2021-07-29 16:00:00,15.51,196.82,0,0,0,0,156.96
2021-07-30 16:00:00,15.88,196.82,0,0,0,0,156.14
2021-08-02 16:00:00,18.39,196.82,0,0,0,0,150.71
2021-08-03 16:00:00,17.27,199.17,2353.4,0,295341,0,155.11
2021-08-04 16:00:00,19.91,199.85,679,0,0,0,150.06
2021-08-05 16:00:00,19.11,197.62,0,-2232,0,0,149.87
2021-08-06 16:00:00,18.99,194.84,0,-2779,0,0,147.79
2021-08-09 16:00:00,20.19,201.05,6208,0,0,0,150.48
2021-08-10 16:00:00,20.68,204.41,3361,0,0,0,152.25
2021-08-11 16:00:00,21.12,205.21,806,0,0,0,151.99
2021-08-12 16:00:00,21.01,206.26,1049,0,0,0,153.09
2021-08-13 16:00:00,20.55,204.31,0,-1950,0,0,152.43
2021-08-16 16:00:00,19.24,208.29,3973,0,0,0,158.55
2021-08-17 16:00:00,16.19,203.13,0,-5160,0,0,160.89
2021-08-18 16:00:00,16.99,202.45,0,-673.89,0,-301456,158.53
2021-08-19 16:00:00,17.78,202.45,0,0,0,0,156.79
2021-08-20 16:00:00,17.34,202.45,0,0,0,0,157.76
2021-08-23 16:00:00,20.08,202.45,0,0,0,0,151.87
2021-08-24 16:00:00,21.12,202.45,0,0,0,0,149.71
2021-08-25 16:00:00,21.5,205.73,3279.59,0,301355,0,151.63
2021-08-26 16:00:00,20.1,206.24,510,0,0,0,154.99
2021-08-27 16:00:00,20.64,205.3,0,-938.75,60750,-61940,153.07
2021-08-30 16:00:00,20.72,203.74,0,-1564,0,0,151.61
2021-08-31 16:00:00,20.3,202.77,0,-966.39,0,-301066,151.68
2021-09-01 16:00:00,19.33,202.77,0,0,0,0,153.72
2021-09-02 16:00:00,20.04,202.77,0,0,0,0,152.22
2021-09-03 16:00:00,19.24,202.77,0,0,0,0,153.92
2021-09-06 16:00:00,21.4,204.63,1859.86,0,300470,0,150.93
2021-09-07 16:00:00,22.79,206.62,1991,0,0,0,149.71
2021-09-08 16:00:00,23.52,211.36,4738,0,0,0,152.07
2021-09-09 16:00:00,23.45,209.91,0,-1452,0,0,151.04
2021-09-10 16:00:00,23.84,206.48,0,-3431,0,0,147.48
2021-09-13 16:00:00,24.13,211.69,5214,0,0,0,151.1
2021-09-14 16:00:00,23.56,206.55,0,-5139,0,0,148.1
2021-09-15 16:00:00,24.08,206.31,0,-243.84,0,-304493,146.86
2021-09-16 16:00:00,21.54,206.31,0,0,0,0,152.02
2021-09-17 16:00:00,21.59,206.31,0,0,0,0,151.92
2021-09-22 16:00:00,21.55,206.31,0,0,0,0,152
2021-09-23 16:00:00,22.1,206.31,0,0,0,0,150.87
2021-09-24 16:00:00,21.01,206.31,0,0,0,0,153.13
2021-09-27 16:00:00,18.9,206.31,0,0,0,0,157.62
2021-09-28 16:00:00,18.33,206.31,0,0,0,0,158.86
2021-09-29 16:00:00,15.72,206.31,0,0,0,0,164.7
2021-09-30 16:00:00,17.93,206.31,0,0,0,0,159.74
2021-10-08 16:00:00,19.02,206.31,0,0,0,0,157.36
2021-10-11 16:00:00,19.14,206.31,0,0,0,0,157.1
2021-10-12 16:00:00,16.88,204.23,0,-2084.3,304342,0,160.29
2021-10-13 16:00:00,17.94,205.07,841,0,0,0,158.67
2021-10-14 16:00:00,18.28,208.27,3199,0,0,0,160.63
2021-10-15 16:00:00,18.35,202.56,0,-5707,0,0,155.65
2021-10-18 16:00:00,18.67,201.54,0,-1016.07,0,-300056,154.1
2021-10-19 16:00:00,20.1,201.54,0,0,0,0,151.07
2021-10-20 16:00:00,20.08,201.54,0,0,0,0,151.12
2021-10-21 16:00:00,19.68,201.54,0,0,0,0,151.96
2021-10-22 16:00:00,19.44,201.54,0,0,0,0,152.46
2021-10-25 16:00:00,20.53,201.54,0,0,0,0,150.18
2021-10-26 16:00:00,20.5,201.54,0,0,0,0,150.24
2021-10-27 16:00:00,19.56,201.54,0,0,0,0,152.21
2021-10-28 16:00:00,18.04,201.54,0,0,0,0,155.46
2021-10-29 16:00:00,19.93,201.54,0,0,0,0,151.43
2021-11-01 16:00:00,20.92,201.54,0,0,0,0,149.37
2021-11-02 16:00:00,20.11,201.54,0,0,0,0,151.05
2021-11-03 16:00:00,20.08,201.54,0,0,0,0,151.12
2021-11-04 16:00:00,21.61,201.33,0,-214.21,300713,0,147.78
2021-11-05 16:00:00,20.48,206.06,4733,0,0,0,154.03
2021-11-08 16:00:00,20.94,209.59,3532.11,0,61152,-62727,155.99
2021-11-09 16:00:00,21.99,212.33,2741,0,0,0,156.03
2021-11-10 16:00:00,21.51,214.04,1702.75,0,61573,-62906,158.45
2021-11-11 16:00:00,22.57,218.2,4164,0,0,0,159.61
2021-11-12 16:00:00,23.5,220.29,2087.22,0,63623,-62075,159.34
2021-11-15 16:00:00,23.08,225.68,5390.22,0,63948,-63536,164.61
2021-11-16 16:00:00,22.44,224.35,0,-1327,0,0,164.91
2021-11-17 16:00:00,23.91,230.45,6096,0,0,0,166.69
2021-11-18 16:00:00,23.34,226.29,0,-4158.89,65102,-66429,164.55
2021-11-19 16:00:00,24.66,229.65,3360,0,0,0,164.44
2021-11-22 16:00:00,26.21,226.37,0,-3282.05,65800,-64856,158.59
2021-11-23 16:00:00,25.58,227.24,871,0,0,0,160.58
2021-11-24 16:00:00,25.05,230.39,3150,0,0,0,164.21
2021-11-25 16:00:00,24.71,233.19,2800,0,0,0,167.17
2021-11-26 16:00:00,24.5,238.99,5805.64,0,66415,-68026,172.28
2021-11-29 16:00:00,24.89,233.14,0,-5848.91,133592,-138334,166.75
2021-11-30 16:00:00,25.5,234.36,1218.5,0,0,-327305,166.42
2021-12-01 16:00:00,25.45,243.35,8992.12,0,332928,0,173.69
2021-12-02 16:00:00,24.57,238.64,0,-4718.42,67536,-69350,171.85
2021-12-03 16:00:00,25.53,238.96,319.74,0,0,-336355,170.02
2021-12-06 16:00:00,24.29,230.18,0,-8774.14,337125,0,165.65
2021-12-07 16:00:00,23.14,230.79,606.67,0,0,-329487,168.63
2021-12-08 16:00:00,25.78,230.79,0,0,0,0,162.99
2021-12-09 16:00:00,26.95,230.79,0,0,0,0,160.57
2021-12-10 16:00:00,27.12,230.79,0,0,0,0,160.22
2021-12-13 16:00:00,27.83,230.79,0,0,0,0,158.77
2021-12-14 16:00:00,27.44,236.03,5243.89,0,330365,0,163.68
2021-12-15 16:00:00,26.61,238.95,2916,0,0,0,167.71
2021-12-16 16:00:00,27.2,245.21,6260,0,0,0,171.39
2021-12-17 16:00:00,25.5,245.26,55.28,0,0,-70551,175.11
2021-12-20 16:00:00,23.29,244.28,0,-986.19,205407,-136594,179.24
2021-12-21 16:00:00,24.73,252.16,7882.76,0,68228,-69058,182.34
2021-12-22 16:00:00,26.02,255.73,3571,0,0,0,182.28
2021-12-23 16:00:00,26.28,251.01,0,-4717.99,70875,-70560,177.96
2021-12-24 16:00:00,25.2,250.74,0,-272.92,0,-349171,180.14
2021-12-27 16:00:00,25.43,250.74,0,0,0,0,179.63
2021-12-28 16:00:00,26.64,250.74,0,0,0,0,176.96
2021-12-29 16:00:00,26.1,250.74,0,0,0,0,178.14
2021-12-30 16:00:00,27.21,250.74,0,0,0,0,175.72
2021-12-31 16:00:00,28.13,250.7,0,-39.2,347328,0,173.71
2022-01-04 16:00:00,28.43,258.5,7796,0,0,0,179.14
2022-01-05 16:00:00,25.84,256.92,0,-1579,0,0,183.63
2022-01-06 16:00:00,25.6,261.71,4794,0,0,0,187.99
2022-01-07 16:00:00,24.02,255.03,0,-6679.31,72216,-71269,186.27
2022-01-10 16:00:00,25.01,260.01,4972,0,0,0,187.98
2022-01-11 16:00:00,23.47,263.62,3610,0,0,0,194.5
2022-01-12 16:00:00,25.37,263.19,0,-429.83,0,-361408,189.69
2022-01-13 16:00:00,23.21,262.27,0,-919.24,360816,0,194.03
2022-01-14 16:00:00,23.3,255.96,0,-6302,0,0,188.69
2022-01-17 16:00:00,25.12,262.55,6590,0,0,0,189.76
2022-01-18 16:00:00,25.05,252.73,0,-9820,0,0,182.07
2022-01-19 16:00:00,23.75,253.97,1239.18,0,0,-352170,186.04
2022-01-20 16:00:00,22.79,253.97,0,0,0,0,188.27
2022-01-21 16:00:00,21.09,253.97,0,0,0,0,192.32
2022-01-24 16:00:00,21.66,253.97,0,0,0,0,190.95
2022-01-25 16:00:00,17.92,253.97,0,0,0,0,200.18
2022-01-26 16:00:00,18.77,253.97,0,0,0,0,198.03
2022-01-27 16:00:00,15.62,253.97,0,0,0,0,206.15
2022-01-28 16:00:00,15.51,253.97,0,0,0,0,206.44
2022-02-07 16:00:00,16.69,253.97,0,0,0,0,203.34
2022-02-08 16:00:00,16.29,253.97,0,0,0,0,204.39
2022-02-09 16:00:00,18.02,256.24,2267.35,0,352167,0,201.85
2022-02-10 16:00:00,17.81,254.32,0,-1917,0,0,200.76
2022-02-11 16:00:00,15.89,245.01,0,-9316.89,69888,-70713,197.7
2022-02-14 16:00:00,15.6,249.98,4978,0,0,0,202.75
2022-02-15 16:00:00,17.16,245.51,0,-4476.62,69711,-72080,194.9
2022-02-16 16:00:00,17.6,245.94,434.76,0,0,-341720,194.17
2022-02-17 16:00:00,18.17,245.94,0,0,0,0,192.75
2022-02-18 16:00:00,18.53,245.94,0,0,0,0,191.86
2022-02-21 16:00:00,19.46,251.5,5562.02,0,343269,0,194.24
2022-02-22 16:00:00,18.27,249.1,0,-2408,0,0,195.17
2022-02-23 16:00:00,20.29,251.34,2241.88,0,138504,-139665,192.08
2022-02-24 16:00:00,17.56,248.03,0,-3312,0,0,196.04
2022-02-25 16:00:00,18.77,247.75,0,-273.1,0,-344693,192.79
2022-02-28 16:00:00,19.12,247.75,0,0,0,0,191.93
2022-03-01 16:00:00,19.13,247.75,0,0,0,0,191.91
2022-03-02 16:00:00,18.41,247.75,0,0,0,0,193.68
2022-03-03 16:00:00,17.23,247.75,0,0,0,0,196.64
2022-03-04 16:00:00,15.87,245.95,0,-1799.8,345991,0,198.57
2022-03-07 16:00:00,12.61,245.03,0,-927.96,0,-343814,206.39
2022-03-08 16:00:00,9.29,245.03,0,0,0,0,215.7
2022-03-09 16:00:00,8.23,245.03,0,0,0,0,218.79
2022-03-10 16:00:00,10.42,245.03,0,0,0,0,212.47
2022-03-11 16:00:00,10.88,245.03,0,0,0,0,211.17
2022-03-14 16:00:00,7.77,245.03,0,0,0,0,220.15
2022-03-15 16:00:00,2.84,245.03,0,0,0,0,235.5
2022-03-16 16:00:00,6.32,245.03,0,0,0,0,224.52
2022-03-17 16:00:00,8.63,245.03,0,0,0,0,217.62
2022-03-18 16:00:00,8.95,245.03,0,0,0,0,216.69
2022-03-21 16:00:00,9.86,245.03,0,0,0,0,214.06
2022-03-22 16:00:00,9.49,248.2,3174,0,343329,0,218.02
2022-03-23 16:00:00,9.95,246.93,0,-1267,0,0,215.53
2022-03-24 16:00:00,8.86,242.9,0,-4029,0,0,214.99
2022-03-25 16:00:00,7.55,247.15,4245,0,0,0,222.78
2022-03-28 16:00:00,6.47,247.3,150,0,0,-346155,226.2
2022-03-29 16:00:00,5.99,247.3,0,0,0,0,227.67
2022-03-30 16:00:00,8.34,247.3,0,0,0,0,220.56
2022-03-31 16:00:00,7.17,247.3,0,0,0,0,224.06
2022-04-01 16:00:00,7.8,247.3,0,0,0,0,222.17
2022-04-06 16:00:00,7.7,247.3,0,0,0,0,222.47
2022-04-07 16:00:00,5.86,239.72,0,-7580.85,346151,0,220.91
2022-04-08 16:00:00,5.47,239.73,10.14,0,0,-339125,222.11
2022-04-11 16:00:00,2.1,239.73,0,0,0,0,232.74
2022-04-12 16:00:00,3.86,239.73,0,0,0,0,227.1
2022-04-13 16:00:00,2.13,239.73,0,0,0,0,232.64
2022-04-14 16:00:00,3.19,239.73,0,0,0,0,229.23
2022-04-15 16:00:00,1.92,239.73,0,0,0,0,233.33
2022-04-18 16:00:00,2.75,239.73,0,0,0,0,230.64
2022-04-19 16:00:00,2.8,239.73,0,0,0,0,230.48
2022-04-20 16:00:00,1.47,239.73,0,0,0,0,234.81
2022-04-21 16:00:00,-1.66,239.73,0,0,0,0,245.46
2022-04-22 16:00:00,-2.49,239.73,0,0,0,0,248.41
2022-04-25 16:00:00,-8.96,239.73,0,0,0,0,273.17
2022-04-26 16:00:00,-11.11,239.73,0,0,0,0,282.19
2022-04-27 16:00:00,-7.44,239.73,0,0,0,0,267.04
2022-04-28 16:00:00,-7.49,239.73,0,0,0,0,267.24
2022-04-29 16:00:00,-3.36,239.73,0,0,0,0,251.54
2022-05-05 16:00:00,-2.58,239.73,0,0,0,0,248.73
2022-05-06 16:00:00,-4.45,239.73,0,0,0,0,255.55
2022-05-09 16:00:00,-4,245.54,5814.45,0,338492,0,259.94
2022-05-10 16:00:00,-2.53,252.87,7326.62,0,68080,-67662,262.03
2022-05-11 16:00:00,-1.37,247.14,0,-5729,0,0,251.96
2022-05-12 16:00:00,-1.27,250.34,3200,0,0,0,254.85
2022-05-13 16:00:00,-0.99,251.34,996,0,0,0,254.85
2022-05-16 16:00:00,-1.15,253.14,1804,0,0,0,257.25
2022-05-17 16:00:00,-0.28,259.27,6129,0,0,0,260.28
2022-05-18 16:00:00,-0.04,260.91,1643,0,0,-360773,261.05
2022-05-19 16:00:00,0.55,276.15,15237.16,0,359479,0,274.09
2022-05-20 16:00:00,2.04,282.85,6699.65,0,152564,-160445,275.2
2022-05-23 16:00:00,2.88,288.53,5683.72,0,0,0,277.65
2022-05-24 16:00:00,-0.8,281.87,0,-6659.36,78942,-79750,284.95
2022-05-25 16:00:00,0.38,285.25,3378.6,0,0,-375693,283.79
2022-05-26 16:00:00,1.19,289.42,4171.67,0,384434,0,284.84
2022-05-27 16:00:00,1.12,289.01,0,-418.45,0,-388808,284.7
2022-05-30 16:00:00,2.14,289.01,0,0,0,0,280.86
2022-05-31 16:00:00,3.8,289.01,0,0,0,0,274.77
2022-06-01 16:00:00,3.93,292.11,3108.03,0,386570,0,277.28
2022-06-02 16:00:00,4.72,296.2,4085,0,0,0,278.34
2022-06-06 16:00:00,7.25,307.5,11297,0,0,0,279.95
2022-06-07 16:00:00,7.22,309.37,1878.57,0,82008,-89096,281.8
2022-06-08 16:00:00,7.84,308.51,0,-862.63,81405,-81700,278.81
2022-06-09 16:00:00,6.19,299.71,0,-8801.74,80730,-80400,276.41
2022-06-10 16:00:00,8.27,297.23,0,-2484.39,0,-388758,266.89
2022-06-13 16:00:00,8.42,297.23,0,0,0,0,266.38
2022-06-14 16:00:00,8.48,297.23,0,0,0,0,266.18
2022-06-15 16:00:00,8.44,297.23,0,0,0,0,266.31
2022-06-16 16:00:00,9.06,297.23,0,0,0,0,264.23
2022-06-17 16:00:00,9.92,296.28,0,-949.21,394035,0,260.52
2022-06-20 16:00:00,11.21,301.67,5396,0,0,0,261.18
2022-06-21 16:00:00,10.61,302.93,1256,0,0,0,264.28
2022-06-22 16:00:00,9.1,297.69,0,-5234,0,0,264.52
2022-06-23 16:00:00,11.15,305.98,8288,0,0,0,265.25
2022-06-24 16:00:00,12.27,310.98,4997.71,0,81130,-83810,266.06
2022-06-27 16:00:00,13.83,314.31,3326.11,0,82218,-84790,263.97
2022-06-28 16:00:00,15.62,323.69,9382,0,0,0,266.45
2022-06-29 16:00:00,12.96,316.87,0,-6821,0,0,269.04
2022-06-30 16:00:00,14.32,317.41,546.36,0,83640,-83496,265.12
2022-07-01 16:00:00,14.33,316.17,0,-1242,0,0,264.01
2022-07-04 16:00:00,15.69,315.37,0,-797,0,0,259.04
2022-07-05 16:00:00,15.25,310.8,0,-4575,0,0,256.44
2022-07-06 16:00:00,13.94,309.16,0,-1635.48,0,-401908,259.1
2022-07-07 16:00:00,14.9,309.16,0,0,0,0,256.1
2022-07-08 16:00:00,14.54,309.16,0,0,0,0,257.22
2022-07-11 16:00:00,12.63,309.16,0,0,0,0,263.28
2022-07-12 16:00:00,10.99,309.16,0,0,0,0,268.65
2022-07-13 16:00:00,11.64,309.16,0,0,0,0,266.5
2022-07-14 16:00:00,12.3,309.33,166.44,0,408544,0,264.5
2022-07-15 16:00:00,10.79,294.9,0,-14430,0,0,256.44
2022-07-18 16:00:00,12.2,296.74,1839.21,0,0,-396758,253.6
2022-07-19 16:00:00,12.85,299.95,3208.56,0,394808,0,254.41
2022-07-20 16:00:00,13.66,302.02,2071,0,0,0,253.7
2022-07-21 16:00:00,12.84,302.27,256,0,0,0,256.5
2022-07-22 16:00:00,12.38,314.02,11746,0,0,0,268.41
2022-07-25 16:00:00,11.3,325.84,11817.83,0,82916,-90230,282.61
2022-07-26 16:00:00,12.58,330.94,5099.28,0,84035,-86548,282.79
2022-07-27 16:00:00,13.18,337.27,6332.18,0,85554,-85500,286.35
2022-07-28 16:00:00,13.87,338.72,1450.01,0,173691,-171448,285.28
2022-07-29 16:00:00,12.95,339.31,585,0,0,0,288.94
2022-08-01 16:00:00,13.89,349.17,9869,0,0,0,294.39
2022-08-02 16:00:00,10.52,338.73,0,-10439.4,89143,-102044,296.97
2022-08-03 16:00:00,9.52,336.78,0,-1957.7,0,-415925,298.81
2022-08-04 16:00:00,10.42,336.78,0,0,0,0,295.56
2022-08-05 16:00:00,11.96,336.78,0,0,0,0,290.12
2022-08-08 16:00:00,13.24,336.78,0,0,0,0,285.71
2022-08-09 16:00:00,13.36,336.78,0,0,0,0,285.3
2022-08-10 16:00:00,13.04,341.65,4874.47,0,435101,0,290.7
2022-08-11 16:00:00,14.93,345.97,4321,0,0,0,288.04
2022-08-12 16:00:00,14.54,348.87,2895,0,0,0,291.89
2022-08-15 16:00:00,15.14,347.6,0,-1263,0,0,288.74
2022-08-16 16:00:00,15.61,349.67,2063,0,0,0,288.95
2022-08-17 16:00:00,16.17,350.42,756,0,0,0,287.72
2022-08-18 16:00:00,15.86,347.57,0,-2858,0,0,286.3
2022-08-19 16:00:00,14.17,347.33,0,-236,0,0,291.81
2022-08-22 16:00:00,15.51,353.8,6467,0,0,0,292.87
2022-08-23 16:00:00,15.56,354.62,823.8,0,180222,-182410,293.41
2022-08-24 16:00:00,12.12,345.76,0,-8864,0,0,297.57
2022-08-25 16:00:00,11.8,343.62,0,-2131.98,0,-440755,296.8
2022-08-26 16:00:00,11.57,343.62,0,0,0,0,297.62
2022-08-29 16:00:00,11.54,343.62,0,0,0,0,297.72
2022-08-30 16:00:00,11.05,343.62,0,0,0,0,299.48
2022-08-31 16:00:00,8.59,343.62,0,0,0,0,308.53
2022-09-01 16:00:00,7.82,343.62,0,0,0,0,311.45
2022-09-02 16:00:00,8.36,343.62,0,0,0,0,309.39
2022-09-05 16:00:00,8.11,343.62,0,0,0,0,310.34
2022-09-06 16:00:00,9.81,343.62,0,0,0,0,303.99
2022-09-07 16:00:00,10.15,343.62,0,0,0,0,302.74
2022-09-08 16:00:00,9.32,340.01,0,-3611.28,440937,0,302.5
2022-09-09 16:00:00,9.94,337.3,0,-2715,0,0,297.76
2022-09-13 16:00:00,10.49,339.09,1793.76,0,0,-437105,297.4
2022-09-14 16:00:00,9.37,339.09,0,0,0,0,301.47
2022-09-15 16:00:00,6.66,339.09,0,0,0,0,311.67
2022-09-16 16:00:00,4.36,339.09,0,0,0,0,320.75
2022-09-19 16:00:00,3.84,339.09,0,0,0,0,322.85
2022-09-20 16:00:00,5.2,339.09,0,0,0,0,317.39
2022-09-21 16:00:00,4.86,339.09,0,0,0,0,318.74
2022-09-22 16:00:00,4.05,339.09,0,0,0,0,322
2022-09-23 16:00:00,2.58,339.09,0,0,0,0,328.05
2022-09-26 16:00:00,1.77,339.09,0,0,0,0,331.45
2022-09-27 16:00:00,3.66,339.09,0,0,0,0,323.59
2022-09-28 16:00:00,1.03,339.09,0,0,0,0,334.61
2022-09-29 16:00:00,0.99,339.09,0,0,0,0,334.79
2022-09-30 16:00:00,-0.45,339.09,0,0,0,0,341.07
2022-10-10 16:00:00,-2.61,339.09,0,0,0,0,350.86
2022-10-11 16:00:00,-1.9,339.09,0,0,0,0,347.59
2022-10-12 16:00:00,0.36,339.09,0,0,0,0,337.51
2022-10-13 16:00:00,0.43,339.09,0,0,0,0,337.21
2022-10-14 16:00:00,2.8,343.53,4436.7,0,437678,0,331.45
2022-10-17 16:00:00,3.76,360.63,17102,0,0,0,343.94
2022-10-18 16:00:00,4.14,361.61,983.54,0,92202,-98304,343.26
2022-10-19 16:00:00,2.9,360.35,0,-1261,0,0,347.38
2022-10-20 16:00:00,2.33,363.21,2859,0,0,0,352.66
2022-10-21 16:00:00,2.09,365.82,2613,0,0,0,356.28
2022-10-24 16:00:00,0.54,359.24,0,-6588.51,92904,-94335,356.77
2022-10-25 16:00:00,0.31,363.13,3898.22,0,0,-455217,361.7
2022-10-26 16:00:00,1.76,363.13,0,0,0,0,355.12
2022-10-27 16:00:00,1.53,363.13,0,0,0,0,356.15
2022-10-28 16:00:00,-1.97,363.13,0,0,0,0,372.44
2022-10-31 16:00:00,-1.61,363.13,0,0,0,0,370.71
2022-11-01 16:00:00,1.26,363.13,0,0,0,0,357.37
2022-11-02 16:00:00,2.66,363.19,50.38,0,462075,0,351.19
2022-11-03 16:00:00,2.57,366.73,3542,0,0,0,355.04
2022-11-04 16:00:00,5.25,372.43,5700,0,0,0,348.86
2022-11-07 16:00:00,5.58,379.16,6736.1,0,93982,-95160,353.84
2022-11-08 16:00:00,5.29,381.57,2408,0,0,0,357.37
2022-11-09 16:00:00,4.88,381.1,0,-475,0,0,358.71
2022-11-10 16:00:00,3.75,383.02,1919,0,0,0,365.56
2022-11-11 16:00:00,5.04,384.96,1946,0,0,0,361.69
2022-11-14 16:00:00,4.76,388.43,3473,0,0,0,366.24
2022-11-15 16:00:00,6.98,389.08,644.9,0,0,-487766,357.17
2022-11-16 16:00:00,6.01,393.17,4095.85,0,487161,0,365.21
2022-11-17 16:00:00,6.29,395.23,2055.42,0,97520,-97940,365.92
2022-11-18 16:00:00,5.62,389.56,0,-5673,0,0,363.51
2022-11-21 16:00:00,5.75,388.6,0,-962,0,0,362.03
2022-11-22 16:00:00,4.3,387.51,0,-1085,0,0,367.41
2022-11-23 16:00:00,3.82,386.41,0,-1101.51,0,-485004,368.51
2022-11-24 16:00:00,3.95,386.41,0,0,0,0,367.93
2022-11-25 16:00:00,3.07,386.41,0,0,0,0,371.92
2022-11-28 16:00:00,2.41,386.41,0,0,0,0,374.96
2022-11-29 16:00:00,4.35,386.41,0,0,0,0,366.13
2022-11-30 16:00:00,4.55,384.04,0,-2371.31,484363,0,362.97
2022-12-01 16:00:00,5.68,393.19,9150,0,0,0,366.68
2022-12-02 16:00:00,5.75,404.38,11188,0,0,0,376.96
2022-12-05 16:00:00,6.53,406.88,2500.73,0,202554,-205004,375.81
2022-12-06 16:00:00,6.95,402,0,-4876,0,0,369.38
2022-12-07 16:00:00,7.22,401.6,0,-400.69,0,-498224,367.82
2022-12-08 16:00:00,6.83,405.4,3799.12,0,499605,0,373.09
2022-12-09 16:00:00,7.26,406.15,750.55,0,0,-504961,371.89
2022-12-12 16:00:00,6.74,406.15,0,0,0,0,374.19
2022-12-13 16:00:00,6.13,406.15,0,0,0,0,376.92
2022-12-14 16:00:00,6.07,406.15,0,0,0,0,377.18
2022-12-15 16:00:00,6.37,406.15,0,0,0,0,375.84
2022-12-16 16:00:00,5.45,406.15,0,0,0,0,379.99
2022-12-19 16:00:00,3.68,406.15,0,0,0,0,388.18
2022-12-20 16:00:00,2.58,406.15,0,0,0,0,393.42
2022-12-21 16:00:00,2.05,406.15,0,0,0,0,395.98
2022-12-22 16:00:00,1.31,406.15,0,0,0,0,399.61
2022-12-23 16:00:00,0.92,406.15,0,0,0,0,401.54
2022-12-26 16:00:00,2.43,406.15,0,0,0,0,394.14
2022-12-27 16:00:00,3.37,406.15,0,0,0,0,389.65
2022-12-28 16:00:00,2.32,406.15,0,0,0,0,394.67
2022-12-29 16:00:00,2.03,406.15,0,0,0,0,396.08
2022-12-30 16:00:00,2.42,406.15,0,0,0,0,394.19
2023-01-03 16:00:00,3.94,419.43,13276.61,0,504646,0,399.74
2023-01-04 16:00:00,3.68,428.01,8587,0,0,0,409.27
2023-01-05 16:00:00,5.13,423.85,0,-4166.56,105090,-106176,398.29
2023-01-06 16:00:00,5.13,421.42,0,-2431,0,0,395.98
2023-01-09 16:00:00,5.82,424.48,3067,0,0,0,395.63
2023-01-10 16:00:00,6.05,423.67,0,-813,0,0,393.8
2023-01-11 16:00:00,5.33,413.17,0,-10503.97,104372,-106662,387.2
2023-01-12 16:00:00,5.47,412.92,0,-242.95,0,-509196,386.32
2023-01-13 16:00:00,6.31,412.92,0,0,0,0,382.48
2023-01-16 16:00:00,7.46,412.92,0,0,0,0,377.31
2023-01-17 16:00:00,7.58,412.92,0,0,0,0,376.78
2023-01-18 16:00:00,7.7,412.92,0,0,0,0,376.25
2023-01-19 16:00:00,8.44,419.11,6190.92,0,510264,0,378.71
2023-01-20 16:00:00,9.12,423.46,4346,0,0,0,379.71
2023-01-30 16:00:00,10.59,431.06,7601,0,0,0,380.21
2023-01-31 16:00:00,10.43,436.4,5338,0,0,0,385.74
2023-02-01 16:00:00,12.02,444.96,8562,0,0,0,386.48
2023-02-02 16:00:00,11.99,444,0,-956,0,0,385.76
2023-02-03 16:00:00,11.64,442.81,0,-1191,0,0,386.21
2023-02-06 16:00:00,10.82,444.3,1486,0,0,0,391.16
2023-02-07 16:00:00,11.08,448.9,4599,0,0,0,394.15
2023-02-08 16:00:00,10.57,447.86,0,-1041,0,0,395.49
2023-02-09 16:00:00,11.97,453.98,6123,0,0,0,394.76
2023-02-10 16:00:00,11.32,456.88,2899,0,0,0,400.25
2023-02-13 16:00:00,12.25,458.2,1316,0,0,0,397.28
2023-02-14 16:00:00,12.21,457.43,0,-765,0,0,396.77
2023-02-15 16:00:00,12.09,458.27,838,0,0,0,398.06
2023-02-16 16:00:00,10.31,445.44,0,-12833,0,0,394.46
2023-02-17 16:00:00,9.03,446.32,887.12,0,0,-544525,401.07
2023-02-20 16:00:00,10.9,446.32,0,0,0,0,392.62
2023-02-21 16:00:00,11.23,446.32,0,0,0,0,391.16
2023-02-22 16:00:00,10.91,446.32,0,0,0,0,392.58
2023-02-23 16:00:00,10.66,446.32,0,0,0,0,393.69
2023-02-24 16:00:00,10,458.09,11766.72,0,544254,0,407.35
2023-02-27 16:00:00,9.15,451.47,0,-6621.34,111366,-119180,405.24
2023-02-28 16:00:00,9.96,453.71,2241.65,0,0,-544887,403.56
2023-03-01 16:00:00,11.02,453.71,0,0,0,0,398.75
2023-03-02 16:00:00,10.49,453.71,0,0,0,0,401.14
2023-03-03 16:00:00,10.44,453.71,0,0,0,0,401.37
2023-03-06 16:00:00,10.52,452.06,0,-1650.57,551913,0,399.51
2023-03-07 16:00:00,8.31,440.07,0,-11993,0,0,398.63
2023-03-08 16:00:00,8.53,437.63,0,-2432.71,0,-536700,395.37
2023-03-09 16:00:00,8.18,437.63,0,0,0,0,396.98
2023-03-10 16:00:00,6.46,437.63,0,0,0,0,405.01
2023-03-13 16:00:00,7.12,437.63,0,0,0,0,401.9
2023-03-14 16:00:00,6.06,437.63,0,0,0,0,406.91
2023-03-15 16:00:00,6.55,437.63,0,0,0,0,404.58
2023-03-16 16:00:00,4.58,437.63,0,0,0,0,414.08
2023-03-17 16:00:00,5.27,437.63,0,0,0,0,410.72
2023-03-20 16:00:00,5.31,437.63,0,0,0,0,410.52
2023-03-21 16:00:00,6.81,437.63,0,0,0,0,403.35
2023-03-22 16:00:00,7.69,439.93,2295.03,0,536554,0,401.37
2023-03-23 16:00:00,8.5,439.41,0,-515,0,0,397.15
2023-03-24 16:00:00,8.91,442.92,3507,0,0,0,398.5
2023-03-27 16:00:00,9,437.02,0,-5895.68,107019,-108900,392.68
2023-03-28 16:00:00,8.21,431.45,0,-5571,0,0,391.13
2023-03-29 16:00:00,8.29,431.06,0,-396.85,0,-529119,390.41
2023-03-30 16:00:00,8.44,431.06,0,0,0,0,389.73
2023-03-31 16:00:00,9.34,431.06,0,0,0,0,385.7
2023-04-03 16:00:00,10.47,431.06,0,0,0,0,380.73
2023-04-04 16:00:00,9.98,431.06,0,0,0,0,382.87
2023-04-06 16:00:00,10.05,431.06,0,0,0,0,382.56
2023-04-07 16:00:00,11.13,431.06,0,0,0,0,377.87
2023-04-10 16:00:00,9.92,431.06,0,0,0,0,383.13
2023-04-11 16:00:00,9.95,431.06,0,0,0,0,383
2023-04-12 16:00:00,10.43,431.06,0,0,0,0,380.9
2023-04-13 16:00:00,9.29,431.06,0,0,0,0,385.92
2023-04-14 16:00:00,9.76,431.06,0,0,0,0,383.84
2023-04-17 16:00:00,9.89,431.06,0,0,0,0,383.27
2023-04-18 16:00:00,9.71,431.06,0,0,0,0,384.06
2023-04-19 16:00:00,9.07,431.06,0,0,0,0,386.9
2023-04-20 16:00:00,8.5,431.06,0,0,0,0,389.46
2023-04-21 16:00:00,5.62,431.06,0,0,0,0,402.8
2023-04-24 16:00:00,4.91,431.06,0,0,0,0,406.21
2023-04-25 16:00:00,2.99,431.06,0,0,0,0,415.64
2023-04-26 16:00:00,3.58,431.06,0,0,0,0,412.71
2023-04-27 16:00:00,3.75,431.06,0,0,0,0,411.87
2023-04-28 16:00:00,5.14,431.06,0,0,0,0,405.1
2023-05-04 16:00:00,5.27,440.11,9051.21,0,529291,0,413.07
2023-05-05 16:00:00,4.28,440.86,748.21,0,107694,-109604,418.66
2023-05-08 16:00:00,4.47,435.87,0,-4982,0,0,412.94
2023-05-09 16:00:00,3.22,427.47,0,-8400,0,0,411.02
2023-05-10 16:00:00,3.4,430.07,2595,0,0,0,412.64
2023-05-11 16:00:00,3.66,430.37,300.97,0,0,-527714,411.64
2023-05-12 16:00:00,2.38,430.37,0,0,0,0,418.04
2023-05-15 16:00:00,3.57,430.37,0,0,0,0,412.09
2023-05-16 16:00:00,2.78,430.68,311.42,0,528614,0,416.33
2023-05-17 16:00:00,3.03,441.6,10917,0,0,0,425.67
2023-05-18 16:00:00,3.23,444.66,3058.61,0,108546,-109098,427.62
2023-05-19 16:00:00,3.5,439.69,0,-4969,0,0,421.44
2023-05-22 16:00:00,3.76,439.6,0,-90,0,0,420.05
2023-05-23 16:00:00,2.97,437.66,0,-1937,0,0,422.15
2023-05-24 16:00:00,2.52,437.31,0,-349,0,0,424.1
2023-05-25 16:00:00,2.14,438.12,809,0,0,0,426.85
2023-05-26 16:00:00,2.36,436.56,0,-1559,0,0,424.19
2023-05-29 16:00:00,1.52,428.07,0,-8494,0,0,420.16
2023-05-30 16:00:00,2,427.31,0,-758.82,0,-526018,416.97
2023-05-31 16:00:00,1.61,427.31,0,0,0,0,418.95
2023-06-01 16:00:00,2.13,427.31,0,0,0,0,416.31
2023-06-02 16:00:00,3.44,427.31,0,0,0,0,409.77
2023-06-05 16:00:00,3.54,427.31,0,0,0,0,409.28
2023-06-06 16:00:00,1.66,432.9,5589.07,0,526430,0,424.2
2023-06-07 16:00:00,1.53,428.21,0,-4689.63,0,-528174,420.25
2023-06-08 16:00:00,1.41,434.21,5996.92,0,526924,0,426.78
2023-06-09 16:00:00,1.96,422.96,0,-11245,0,0,412.91
2023-06-12 16:00:00,2.96,423.77,807.68,0,0,-523322,408.71
2023-06-13 16:00:00,3.81,423.77,0,0,0,0,404.55
2023-06-14 16:00:00,3.89,424.61,846.34,0,522212,0,404.97
2023-06-15 16:00:00,5.06,418.54,0,-6076,0,0,393.57
2023-06-16 16:00:00,6.06,418.53,0,-9,0,0,388.9
2023-06-19 16:00:00,6.03,409.49,0,-9043,0,0,380.51
2023-06-20 16:00:00,6.22,408.81,0,-674.49,0,-508073,379.02
2023-06-21 16:00:00,4.26,408.81,0,0,0,0,388.02
2023-06-26 16:00:00,2.35,408.81,0,0,0,0,397.13
2023-06-27 16:00:00,3.78,408.81,0,0,0,0,390.28
2023-06-28 16:00:00,3.41,408.81,0,0,0,0,392.03
2023-06-29 16:00:00,3.72,408.81,0,0,0,0,390.56
2023-06-30 16:00:00,4.72,417.27,8453.57,0,508100,0,393.96
2023-07-03 16:00:00,5.12,423.22,5954,0,0,0,397.74
2023-07-04 16:00:00,5.78,428.14,4922,0,0,0,399.28
2023-07-05 16:00:00,4.71,428.2,56,0,0,0,404.44
2023-07-06 16:00:00,4.38,428.96,766,0,0,0,406.76
2023-07-07 16:00:00,3.68,426,0,-2966,0,0,407.33
2023-07-10 16:00:00,4.06,428.49,2496,0,0,0,407.87
2023-07-11 16:00:00,4.93,430.11,1618.69,0,0,-530242,405.2
2023-07-12 16:00:00,3.9,430.11,0,0,0,0,410.21
2023-07-13 16:00:00,5.14,430.11,0,0,0,0,404.19
2023-07-14 16:00:00,4.91,430.11,0,0,0,0,405.3
2023-07-17 16:00:00,4.29,430.11,0,0,0,0,408.3
2023-07-18 16:00:00,4.08,436.91,6800.1,0,529680,0,415.86
2023-07-19 16:00:00,3.81,435.41,0,-1498.59,0,-535837,415.76
2023-07-20 16:00:00,2.74,436.72,1304.48,0,535079,0,422.41
2023-07-21 16:00:00,2.42,434.35,0,-2372.33,0,-534867,421.72
2023-07-24 16:00:00,2.04,434.35,0,0,0,0,423.67
2023-07-25 16:00:00,4.09,434.35,0,0,0,0,413.35
2023-07-26 16:00:00,3.5,444.68,10338.16,0,532784,0,426.26
2023-07-27 16:00:00,2.97,442.98,0,-1707.74,107916,-109512,427.32
2023-07-28 16:00:00,4.21,443.13,153,0,0,0,421.19
2023-07-31 16:00:00,5.38,460.76,17634,0,0,0,432.13
2023-08-01 16:00:00,5.09,456.41,0,-4349.73,111371,-115630,429.46
2023-08-02 16:00:00,4.79,455.61,0,-802.26,0,-549427,430.21
2023-08-03 16:00:00,5.06,455.61,0,0,0,0,428.85
2023-08-04 16:00:00,5.51,455.61,0,0,0,0,426.59
2023-08-07 16:00:00,5.07,455.61,0,0,0,0,428.8
2023-08-08 16:00:00,4.69,455.61,0,0,0,0,430.72
2023-08-09 16:00:00,3.81,455.61,0,0,0,0,435.22
2023-08-10 16:00:00,3.89,455.61,0,0,0,0,434.81
2023-08-11 16:00:00,1.9,455.61,0,0,0,0,445.25
2023-08-14 16:00:00,1.81,455.61,0,0,0,0,445.73
2023-08-15 16:00:00,1.17,455.61,0,0,0,0,449.18
2023-08-16 16:00:00,0.05,455.61,0,0,0,0,455.33
2023-08-17 16:00:00,0.83,455.61,0,0,0,0,451.04
2023-08-18 16:00:00,-0.98,454.46,0,-1149.89,552970,0,459.95
2023-08-21 16:00:00,-2.03,453.15,0,-1311,0,0,464.61
2023-08-22 16:00:00,-1.47,452.22,0,-926.6,0,-550464,460.46
2023-08-23 16:00:00,-3.5,452.22,0,0,0,0,472.25
2023-08-24 16:00:00,-2.95,452.22,0,0,0,0,469.01
2023-08-25 16:00:00,-4.44,452.22,0,0,0,0,477.88
2023-08-28 16:00:00,-3.42,452.22,0,0,0,0,471.77
2023-08-29 16:00:00,-1.02,452.22,0,0,0,0,457.91
2023-08-30 16:00:00,-0.58,452.22,0,0,0,0,455.44
2023-08-31 16:00:00,-1.12,452.22,0,0,0,0,458.47
2023-09-01 16:00:00,-0.89,452.22,0,0,0,0,457.18
2023-09-04 16:00:00,0.51,461.61,9390.65,0,551166,0,458.76
2023-09-05 16:00:00,-0.1,455.84,0,-5774,0,0,456.4
2023-09-06 16:00:00,-0.1,458.45,2614,0,0,0,459.01
2023-09-07 16:00:00,-1.9,449.1,0,-9356,0,0,459.73
2023-09-08 16:00:00,-2.06,444.49,0,-4604,0,0,455.94
2023-09-11 16:00:00,-1.05,444.27,0,-221.31,0,-544088,450.05
2023-09-12 16:00:00,-0.9,444.27,0,0,0,0,449.21
2023-09-13 16:00:00,-2.18,444.27,0,0,0,0,456.4
2023-09-14 16:00:00,-2.89,444.27,0,0,0,0,460.47
2023-09-15 16:00:00,-3.11,444.27,0,0,0,0,461.74
2023-09-18 16:00:00,-2.51,444.27,0,0,0,0,458.28
2023-09-19 16:00:00,-3.36,444.27,0,0,0,0,463.19
2023-09-20 16:00:00,-3.94,444.27,0,0,0,0,466.59
2023-09-21 16:00:00,-4.73,444.27,0,0,0,0,471.29
2023-09-22 16:00:00,-3.01,444.27,0,0,0,0,461.16
2023-09-25 16:00:00,-3.44,437.58,0,-6694.05,543509,0,456.73
2023-09-26 16:00:00,-3.91,437.27,0,-306.58,0,-537370,459.13
2023-09-27 16:00:00,-3.47,437.27,0,0,0,0,456.58
2023-09-28 16:00:00,-3.05,446.27,8994.01,0,536620,0,463.46
2023-10-09 16:00:00,-3.06,436.22,0,-10048,0,0,453.15
2023-10-10 16:00:00,-3.39,438.78,2563.31,0,0,-538991,457.69
2023-10-11 16:00:00,-3.21,438.78,0,0,0,0,456.65
2023-10-12 16:00:00,-2.43,438.78,0,0,0,0,452.2
2023-10-13 16:00:00,-3.15,438.78,0,0,0,0,456.3
2023-10-16 16:00:00,-4.13,438.78,0,0,0,0,461.99
2023-10-17 16:00:00,-4.16,438.78,0,0,0,0,462.17
2023-10-18 16:00:00,-5.48,438.78,0,0,0,0,470.02
2023-10-19 16:00:00,-6.89,438.78,0,0,0,0,478.65
2023-10-20 16:00:00,-7.69,438.78,0,0,0,0,483.66
2023-10-23 16:00:00,-9.13,438.78,0,0,0,0,492.91
2023-10-24 16:00:00,-8.14,438.78,0,0,0,0,486.52
2023-10-25 16:00:00,-7.12,438.78,0,0,0,0,480.08
2023-10-26 16:00:00,-6.85,431.7,0,-7079.22,537386,0,470.8
2023-10-27 16:00:00,-5.16,434.24,2533,0,0,0,463.31
2023-10-30 16:00:00,-3.91,443.83,9592,0,0,0,465.96
2023-10-31 16:00:00,-4.51,447.48,3649,0,0,0,473.34
2023-11-01 16:00:00,-4.77,454.66,7188,0,0,0,482.44
2023-11-02 16:00:00,-5.72,453.99,0,-679,0,0,487.6
2023-11-03 16:00:00,-4.59,448.53,0,-5451,0,0,474.92
2023-11-06 16:00:00,-2.65,462.85,14320,0,0,0,478.17
2023-11-07 16:00:00,-2.56,464.02,1170.11,0,111672,-111066,478.84
2023-11-08 16:00:00,-2.44,463.07,0,-951,0,0,477.15
2023-11-09 16:00:00,-2.96,458.63,0,-4445,0,0,475.67
2023-11-10 16:00:00,-3.3,460.48,1851,0,0,0,479.61
2023-11-13 16:00:00,-2.79,470.65,10168,0,0,0,487.03
2023-11-14 16:00:00,-2.49,468.51,0,-2139,0,0,483.03
2023-11-15 16:00:00,-1.79,467.91,0,-595,0,0,478.26
2023-11-16 16:00:00,-2.66,467.6,0,-315,0,0,483.11
2023-11-17 16:00:00,-2.25,469.27,1674,0,0,0,482.37
2023-11-20 16:00:00,-1.6,481.39,12115,0,0,0,490.84
2023-11-21 16:00:00,-1.95,478.78,0,-2606,0,0,490.29
2023-11-22 16:00:00,-3.19,476.78,0,-1999,0,0,495.79
2023-11-23 16:00:00,-2.34,478.64,1858,0,0,0,492.5
2023-11-24 16:00:00,-3.35,475.38,0,-3262,0,0,495.32
2023-11-27 16:00:00,-3.78,475.64,263.28,0,0,-575940,498.25
2023-11-28 16:00:00,-3.33,475.64,0,0,0,0,495.47
2023-11-29 16:00:00,-4.05,472.38,0,-3266.44,574794,0,496.54
2023-11-30 16:00:00,-4.43,471.66,0,-714,0,0,498.16
2023-12-01 16:00:00,-4.26,474.95,3288,0,0,0,500.53
2023-12-04 16:00:00,-4.52,480.76,5810,0,0,0,508.25
2023-12-05 16:00:00,-6.37,470.18,0,-10582.2,115456,-115050,508.97
2023-12-06 16:00:00,-5.77,467.41,0,-2766.48,0,-568064,502.15
2023-12-07 16:00:00,-6.05,467.41,0,0,0,0,503.95
2023-12-08 16:00:00,-6.42,467.41,0,0,0,0,506.34
2023-12-11 16:00:00,-5.34,467.41,0,0,0,0,499.42
2023-12-12 16:00:00,-5.14,467.41,0,0,0,0,498.16
2023-12-13 16:00:00,-6.17,467.41,0,0,0,0,504.72
2023-12-14 16:00:00,-6.61,467.41,0,0,0,0,507.57
2023-12-15 16:00:00,-6.84,467.41,0,0,0,0,509.07
2023-12-18 16:00:00,-7.94,461.33,0,-6085.87,566249,0,509.74
2023-12-19 16:00:00,-7.88,460.91,0,-413.84,0,-560648,508.89
2023-12-20 16:00:00,-9.09,460.91,0,0,0,0,516.99
2023-12-21 16:00:00,-8.32,460.91,0,0,0,0,511.81
2023-12-22 16:00:00,-9.06,460.91,0,0,0,0,516.79
2023-12-25 16:00:00,-8.89,460.91,0,0,0,0,515.64
2023-12-26 16:00:00,-9.88,460.91,0,0,0,0,522.4
2023-12-27 16:00:00,-9.39,460.91,0,0,0,0,519.04
2023-12-28 16:00:00,-7.45,460.91,0,0,0,0,506.06
2023-12-29 16:00:00,-6.26,460.91,0,0,0,0,498.37
2024-01-02 16:00:00,-6.92,471.6,10683.94,0,560187,0,514.1
2024-01-03 16:00:00,-7.57,484.25,12651,0,0,0,532.1
2024-01-04 16:00:00,-8.35,489.79,5544.1,0,117265,-129015,543.52
2024-01-05 16:00:00,-9.56,480.62,0,-9166,0,0,541.99
2024-01-08 16:00:00,-11.33,471.95,0,-8677,0,0,545.03
2024-01-09 16:00:00,-11.01,472.78,835.17,0,0,-561409,543.65
2024-01-10 16:00:00,-11.67,472.78,0,0,0,0,548.45
2024-01-11 16:00:00,-10.21,472.78,0,0,0,0,537.91
2024-01-12 16:00:00,-10.82,472.78,0,0,0,0,542.27
2024-01-15 16:00:00,-11.13,472.78,0,0,0,0,544.51
2024-01-16 16:00:00,-11.12,470.47,0,-2311.65,572166,0,541.84
2024-01-17 16:00:00,-13.41,468.02,0,-2454.8,0,-568310,555.99
2024-01-18 16:00:00,-13.23,468.02,0,0,0,0,554.63
2024-01-19 16:00:00,-13.93,468.02,0,0,0,0,559.95
2024-01-22 16:00:00,-17.92,468.02,0,0,0,0,592.03
2024-01-23 16:00:00,-17.1,468.02,0,0,0,0,585.19
2024-01-24 16:00:00,-16.17,468.02,0,0,0,0,577.59
2024-01-25 16:00:00,-14.06,468.02,0,0,0,0,560.95
2024-01-26 16:00:00,-14.81,468.02,0,0,0,0,566.77
2024-01-29 16:00:00,-17.02,468.02,0,0,0,0,584.53
2024-01-30 16:00:00,-19.26,468.02,0,0,0,0,603.52
2024-01-31 16:00:00,-21.9,468.02,0,0,0,0,627.3
2024-02-01 16:00:00,-22.32,468.02,0,0,0,0,631.23
2024-02-02 16:00:00,-24.69,468.02,0,0,0,0,654.24
2024-02-05 16:00:00,-27.65,468.02,0,0,0,0,685.1
2024-02-06 16:00:00,-23.95,468.02,0,0,0,0,646.9
2024-02-07 16:00:00,-22.28,468.02,0,0,0,0,630.85
2024-02-08 16:00:00,-19.89,468.02,0,0,0,0,609.05
2024-02-19 16:00:00,-18.88,468.02,0,0,0,0,600.22
2024-02-20 16:00:00,-18.61,468.02,0,0,0,0,597.9
2024-02-21 16:00:00,-17.79,524.05,56030.79,0,567362,0,659.09
2024-02-22 16:00:00,-16.74,559.14,35090.42,0,249711,-255896,691.66
2024-02-23 16:00:00,-15.71,599.54,40404.77,0,135630,-141183,729.92
2024-02-26 16:00:00,-15.22,626.41,26867.84,0,141036,-141426,756.82
2024-02-27 16:00:00,-13.19,645.61,19197.34,0,143220,-152070,758.9
2024-02-28 16:00:00,-16.32,576.32,0,-69291,0,0,708.22
2024-02-29 16:00:00,-13.57,603.05,26737,0,0,0,713.43
2024-03-01 16:00:00,-12.69,600.78,0,-2277,0,0,702.63
2024-03-04 16:00:00,-12.59,591.44,0,-9338,0,0,691.03
2024-03-05 16:00:00,-13.17,587.17,0,-4265.98,0,-667677,691.4
2024-03-06 16:00:00,-13.01,587.17,0,0,0,0,689.94
2024-03-07 16:00:00,-14.13,578.23,0,-8943.92,686404,0,689.83
2024-03-08 16:00:00,-13.02,578.68,452.3,0,0,-679001,680.27
2024-03-11 16:00:00,-11.41,578.68,0,0,0,0,666.09
2024-03-12 16:00:00,-10.67,588.88,10203.71,0,677632,0,671.16
2024-03-13 16:00:00,-10.71,587.01,0,-1878,0,0,669.41
2024-03-14 16:00:00,-11.38,584.75,0,-2252,0,0,672.68
2024-03-15 16:00:00,-10.53,603.76,19003,0,0,0,686.59
2024-03-18 16:00:00,-9.07,622.08,18320,0,0,0,694.11
2024-03-19 16:00:00,-9.46,618.75,0,-3330,0,0,693.85
2024-03-20 16:00:00,-8.84,643.81,25060,0,0,0,715.94
2024-03-21 16:00:00,-8.89,647.44,3631,0,0,0,720.37
2024-03-22 16:00:00,-9.93,628.47,0,-18970,0,0,708.78
2024-03-25 16:00:00,-11.69,601.65,0,-26818,0,0,694.53
2024-03-26 16:00:00,-11.52,585.72,0,-15933.49,0,-685763,675
2024-03-27 16:00:00,-13.99,585.72,0,0,0,0,697.26
2024-03-28 16:00:00,-12.57,585.72,0,0,0,0,684.31
2024-03-29 16:00:00,-11.83,585.72,0,0,0,0,677.72
2024-04-01 16:00:00,-9.89,585.72,0,0,0,0,660.98
2024-04-02 16:00:00,-10.41,596.91,11189.54,0,684874,0,677.89
2024-04-03 16:00:00,-10.96,595.36,0,-1546.29,141102,-160740,680.95
2024-04-08 16:00:00,-12.31,557.64,0,-37722,0,0,649.96
2024-04-09 16:00:00,-11.47,557.05,0,-588.21,0,-637855,642.18
2024-04-10 16:00:00,-13.07,557.05,0,0,0,0,655.84
2024-04-11 16:00:00,-13.12,557.05,0,0,0,0,656.27
2024-04-12 16:00:00,-13.63,557.05,0,0,0,0,660.74
2024-04-15 16:00:00,-14.03,557.05,0,0,0,0,664.28
2024-04-16 16:00:00,-17.22,557.05,0,0,0,0,693.73
2024-04-17 16:00:00,-14.29,557.05,0,0,0,0,666.6
2024-04-18 16:00:00,-14.2,557.05,0,0,0,0,665.79
2024-04-19 16:00:00,-14.92,557.05,0,0,0,0,672.27
2024-04-22 16:00:00,-15.22,557.05,0,0,0,0,675.01
2024-04-23 16:00:00,-15.5,557.05,0,0,0,0,677.57
2024-04-24 16:00:00,-14.65,572.67,15620.99,0,656688,0,688.13
2024-04-25 16:00:00,-14.35,580.78,8108,0,0,0,694.84
2024-04-26 16:00:00,-13.09,574.36,0,-6423,0,0,675.93
2024-04-29 16:00:00,-11.02,600.53,26173,0,0,0,687.29
2024-04-30 16:00:00,-11.64,576.15,0,-24374,0,0,665.22
2024-05-06 16:00:00,-9.92,603.25,27095,0,0,0,680.69
2024-05-07 16:00:00,-9.76,601.68,0,-1570.94,138610,-157964,677.57
2024-05-08 16:00:00,-11.16,579.12,0,-22559,0,0,664.43
2024-05-09 16:00:00,-10.01,583.99,4872,0,0,0,660.07
2024-05-10 16:00:00,-10.58,567.21,0,-16785,0,0,646.15
2024-05-13 16:00:00,-11.2,549.75,0,-17461,0,0,631.7
2024-05-14 16:00:00,-10.83,555.89,6144.32,0,0,-637447,635.55
2024-05-15 16:00:00,-11.53,555.89,0,0,0,0,641.37
2024-05-16 16:00:00,-11.4,555.89,0,0,0,0,640.28
2024-05-17 16:00:00,-10.35,555.89,0,0,0,0,631.61
2024-05-20 16:00:00,-9.94,541.45,0,-14442.6,655320,0,612.25
2024-05-21 16:00:00,-10.63,544.54,3095,0,0,0,621.2
2024-05-22 16:00:00,-10.47,553.6,9053.13,0,130187,-149856,630.03
2024-05-23 16:00:00,-12.03,532.13,0,-21464,0,0,618.57
2024-05-24 16:00:00,-12.95,529.59,0,-2537.75,0,-610579,623.25
2024-05-27 16:00:00,-12.28,529.59,0,0,0,0,617.73
2024-05-28 16:00:00,-13.21,529.59,0,0,0,0,625.42
2024-05-29 16:00:00,-12.75,529.59,0,0,0,0,621.59
2024-05-30 16:00:00,-12.92,529.59,0,0,0,0,623
2024-05-31 16:00:00,-12.89,529.59,0,0,0,0,622.75
2024-06-03 16:00:00,-13.38,529.59,0,0,0,0,626.84
2024-06-04 16:00:00,-13,529.59,0,0,0,0,623.67
2024-06-05 16:00:00,-13.83,529.59,0,0,0,0,630.64
2024-06-06 16:00:00,-15.22,529.59,0,0,0,0,642.62
2024-06-07 16:00:00,-15.14,529.59,0,0,0,0,641.92
2024-06-11 16:00:00,-14.82,529.59,0,0,0,0,639.13
2024-06-12 16:00:00,-14.2,529.59,0,0,0,0,633.79
2024-06-13 16:00:00,-14.74,529.59,0,0,0,0,638.44
2024-06-14 16:00:00,-14.4,529.59,0,0,0,0,635.5
2024-06-17 16:00:00,-14.2,530.25,654.26,0,629138,0,634.56
2024-06-18 16:00:00,-13.67,527.88,0,-2367.96,0,-628430,627.3
2024-06-19 16:00:00,-14.53,522.14,0,-5744.19,627307,0,627.9
2024-06-20 16:00:00,-16.14,518.81,0,-3329,0,-619227,637.91
2024-06-21 16:00:00,-16.06,518.81,0,0,0,0,637.21
2024-06-24 16:00:00,-17.96,518.81,0,0,0,0,654.28
2024-06-25 16:00:00,-18.27,518.81,0,0,0,0,657.14
2024-06-26 16:00:00,-16.59,518.81,0,0,0,0,641.89
2024-06-27 16:00:00,-17.96,518.81,0,0,0,0,654.28
2024-06-28 16:00:00,-17.52,518.81,0,0,0,0,650.25
2024-07-01 16:00:00,-16.8,518.81,0,0,0,0,643.76
2024-07-02 16:00:00,-17.36,555.44,36636.51,0,618306,0,693.13
2024-07-03 16:00:00,-17.99,578.5,23058.87,0,264122,-271460,727.34
2024-07-04 16:00:00,-19.18,572.51,0,-5996.99,0,-666150,732.11
2024-07-05 16:00:00,-18.82,572.51,0,0,0,0,728.42
2024-07-08 16:00:00,-20.19,572.51,0,0,0,0,742.64
2024-07-09 16:00:00,-18.71,572.51,0,0,0,0,727.3
2024-07-10 16:00:00,-18.82,572.51,0,0,0,0,728.42
2024-07-11 16:00:00,-17.09,572.51,0,0,0,0,711.13
2024-07-12 16:00:00,-17.16,573.89,1389.42,0,671942,0,713.48
2024-07-15 16:00:00,-17.71,563.17,0,-10724.77,0,-663671,705.89
2024-07-16 16:00:00,-17.17,563.17,0,0,0,0,700.64
2024-07-17 16:00:00,-17.92,563.17,0,0,0,0,707.96
2024-07-18 16:00:00,-17.89,563.17,0,0,0,0,707.66
2024-07-19 16:00:00,-17.77,563.17,0,0,0,0,706.48
2024-07-22 16:00:00,-17.85,563.17,0,0,0,0,707.27
2024-07-23 16:00:00,-20.04,563.17,0,0,0,0,729.38
2024-07-24 16:00:00,-21.06,563.17,0,0,0,0,740.09
2024-07-25 16:00:00,-20.93,563.17,0,0,0,0,738.71
2024-07-26 16:00:00,-19.82,563.17,0,0,0,0,727.1
2024-07-29 16:00:00,-20.1,574.16,10991.21,0,662622,0,743.75
2024-07-30 16:00:00,-20.28,574.69,526.22,0,0,-675216,746.32
2024-07-31 16:00:00,-17.73,594.01,19323.7,0,674319,0,743.58
2024-08-01 16:00:00,-18.1,611.54,17528,0,0,0,768.79
2024-08-02 16:00:00,-19.09,610.94,0,-595.61,140606,-151869,778.68
2024-08-05 16:00:00,-20.88,615.99,5047.54,0,140400,-145644,804.94
2024-08-06 16:00:00,-19.9,638.08,22092,0,0,0,821.45
2024-08-07 16:00:00,-20.02,640.54,2456.59,0,148678,-162932,825.91
2024-08-08 16:00:00,-19.94,640.43,0,-107.5,0,-711157,824.84
2024-08-09 16:00:00,-20.43,640.43,0,0,0,0,830.54
2024-08-12 16:00:00,-20.83,640.43,0,0,0,0,835.24
2024-08-13 16:00:00,-20.47,657.52,17087.97,0,740104,0,852.5
2024-08-14 16:00:00,-21.21,657.61,86.97,0,0,-758487,861.56
2024-08-15 16:00:00,-20.64,657.61,0,0,0,0,854.65
2024-08-16 16:00:00,-21,657.61,0,0,0,0,859
2024-08-19 16:00:00,-21.13,657.61,0,0,0,0,860.58
2024-08-20 16:00:00,-22.26,657.61,0,0,0,0,874.54
2024-08-21 16:00:00,-22.33,657.61,0,0,0,0,875.42
2024-08-22 16:00:00,-23.11,657.61,0,0,0,0,885.32
2024-08-23 16:00:00,-23.14,657.61,0,0,0,0,885.7
2024-08-26 16:00:00,-22.8,657.61,0,0,0,0,881.36
2024-08-27 16:00:00,-23.71,657.61,0,0,0,0,893.07
2024-08-28 16:00:00,-23.5,657.61,0,0,0,0,890.34
2024-08-29 16:00:00,-22.48,657.61,0,0,0,0,877.31
2024-08-30 16:00:00,-20.67,674,16395.81,0,757291,0,875.67
2024-09-02 16:00:00,-22.1,669.14,0,-4864,0,0,887.34
2024-09-03 16:00:00,-21.32,677.4,8258,0,0,0,888.05
2024-09-04 16:00:00,-21.84,659.4,0,-18001.29,154630,-156849,871.6
2024-09-05 16:00:00,-21.51,670.47,11078,0,0,0,881.62
2024-09-06 16:00:00,-22.77,647.71,0,-22764,0,0,868.16
2024-09-09 16:00:00,-23.32,645.55,0,-2157.8,0,-744462,872.29
2024-09-10 16:00:00,-23.05,645.55,0,0,0,0,868.88
2024-09-11 16:00:00,-23.11,645.55,0,0,0,0,869.63
2024-09-12 16:00:00,-23.56,645.55,0,0,0,0,875.34
2024-09-13 16:00:00,-24.29,645.55,0,0,0,0,884.74
2024-09-18 16:00:00,-24.49,645.55,0,0,0,0,887.35
2024-09-19 16:00:00,-23.44,645.55,0,0,0,0,873.81
2024-09-20 16:00:00,-23.47,645.55,0,0,0,0,874.19
2024-09-23 16:00:00,-23.44,645.55,0,0,0,0,873.81
2024-09-24 16:00:00,-20.46,673.38,27828.56,0,744788,0,872.32
2024-09-25 16:00:00,-19.84,702.73,29350.19,0,158610,-175560,901.41
2024-09-26 16:00:00,-16.88,726.99,24261,0,0,0,894.94
2024-09-27 16:00:00,-12.58,763.74,36749,0,0,0,888.03
2024-09-30 16:00:00,-4.98,838.43,74688,0,0,0,887.61
2024-10-08 16:00:00,0.21,885.74,47314,0,0,0,883.67
2024-10-09 16:00:00,-6.56,838.71,0,-47029,0,0,904.61
2024-10-10 16:00:00,-6.66,842.54,3821.52,0,0,-926525,909.79
2024-10-11 16:00:00,-10,842.54,0,0,0,0,947.27
2024-10-14 16:00:00,-7.59,842.54,0,0,0,0,919.95
2024-10-15 16:00:00,-9.25,842.54,0,0,0,0,938.61
2024-10-16 16:00:00,-9.61,842.54,0,0,0,0,942.75
2024-10-17 16:00:00,-10.02,829.13,0,-13405.42,941410,0,932.6
2024-10-18 16:00:00,-6.97,826.29,0,-2838.65,0,-926653,895.69
2024-10-21 16:00:00,-5.62,824.08,0,-2212.57,925233,0,879.11
2024-10-22 16:00:00,-4.33,856.59,32507,0,0,0,899.89
2024-10-23 16:00:00,-4.05,884.44,27854,0,0,0,925.99
2024-10-24 16:00:00,-4.83,919.92,35481.68,0,395537,-422817,971.68
2024-10-25 16:00:00,-3.35,945.16,25234.33,0,204732,-207888,981.39
2024-10-28 16:00:00,-1.93,982.15,36990,0,0,0,1003.45
2024-10-29 16:00:00,-2.82,947,0,-35145,0,0,977.38
2024-10-30 16:00:00,-2.34,947.29,291.35,0,208495,-207770,972.38
2024-10-31 16:00:00,-1.48,977.65,30356,0,0,0,993.84
2024-11-01 16:00:00,-3.24,950.3,0,-27350,0,0,985.47
2024-11-04 16:00:00,-1.4,941.17,0,-9128.33,0,-1013328,955.95
2024-11-05 16:00:00,1.1,941.17,0,0,0,0,929.84
2024-11-06 16:00:00,1.44,958.27,17101.25,0,1039166,0,943.25
2024-11-07 16:00:00,3.18,993.63,35362,0,0,0,959.92
2024-11-08 16:00:00,3.03,996.73,3094.93,0,218785,-219564,964.48
2024-11-11 16:00:00,4.86,1017.02,20287.37,0,218040,-239400,965.25
2024-11-12 16:00:00,3.99,1019.94,2926,0,0,0,976.97
2024-11-13 16:00:00,3.96,1027.19,7243.8,0,223110,-216362,984.25
2024-11-14 16:00:00,1.35,1002.7,0,-24488,0,0,988.01
2024-11-15 16:00:00,-0.81,999.08,0,-3619.82,0,-1084480,1008.06
2024-11-18 16:00:00,-2.65,999.08,0,0,0,0,1029
2024-11-19 16:00:00,-0.82,999.08,0,0,0,0,1008.17
2024-11-20 16:00:00,0.65,999.08,0,0,0,0,991.98
2024-11-21 16:00:00,0.98,999.08,0,0,0,0,988.41
2024-11-22 16:00:00,-2.27,949.39,0,-49687.48,1098275,0,973.76
2024-11-25 16:00:00,-2.06,955.39,6000.82,0,0,-1056291,977.59
2024-11-26 16:00:00,-2.79,949.7,0,-5692.3,1054345,0,979.83
2024-11-27 16:00:00,-0.96,947.56,0,-2143,0,0,957.71
2024-11-28 16:00:00,-1.57,980.89,33336,0,0,0,998.13
2024-11-29 16:00:00,-0.22,991.44,10552.61,0,216125,-218890,993.85
2024-12-02 16:00:00,1.66,1014.8,23357,0,0,0,996.6
2024-12-03 16:00:00,1.48,1017,2201,0,0,0,1000.71
2024-12-04 16:00:00,0.26,993.93,0,-23073,0,0,991.09
2024-12-05 16:00:00,0.96,1015.68,21753,0,0,0,1005.07
2024-12-06 16:00:00,2.19,1048.53,32845,0,0,0,1023.92
2024-12-09 16:00:00,1.9,1069.93,21405.11,0,234350,-253526,1048.12
2024-12-10 16:00:00,2.74,1055.03,0,-14903.54,238204,-233909,1024.23
2024-12-11 16:00:00,3.51,1053.89,0,-1140.55,0,-1138117,1014.76
2024-12-12 16:00:00,4.57,1091.39,37503.34,0,1152203,0,1039.32
2024-12-13 16:00:00,2.66,1073.22,0,-18171,0,0,1042.82
2024-12-16 16:00:00,1.48,1073.37,152.26,0,239145,-245384,1056.26
2024-12-17 16:00:00,-0.1,988.14,0,-85236,0,0,989.23
2024-12-18 16:00:00,0.45,991.96,3822.96,0,0,-1086184,987.07
2024-12-19 16:00:00,0.94,991.96,0,0,0,0,981.79
2024-12-20 16:00:00,1.31,991.96,0,0,0,0,977.84
2024-12-23 16:00:00,-0.97,991.96,0,0,0,0,1002.66
2024-12-24 16:00:00,0.19,991.96,0,0,0,0,989.89
2024-12-25 16:00:00,-1.05,991.96,0,0,0,0,1003.55
2024-12-26 16:00:00,-0.07,991.96,0,0,0,0,992.72
2024-12-27 16:00:00,0.23,991.96,0,0,0,0,989.45
